Reference,DOI,Alginate (%w/v),PVA-HA (%w/v),CaSO4 (%w/v),Na2HPO4 (%w/v),Gelatin (%w/v),GelMA (%w/v),laponite (%w/v),graphene oxide (%w/v),hydroxyapatite (%w/v),Hyaluronic_Acid (%w/v),MeHA (%w/v),NorHA (%w/v),Fibroin/Fibrinogen (%w/v),Pluronic P-123 (%w/v),Collagen (%w/v),Chitosan (%w/v),CS-AEMA (%w/v),RGD (mM),TCP (%w/v),Gellan (%w/v),bioactive glass (%w/v),Nano/Methycellulose (%w/v),PEGTA (%w/v),PEGMA (%w/v),PEGDA (%w/v),Agarose (%w/v), hyaluronic acid+ Ph moieties (%w/v),matrigel (%w/v),CaCl2(mM),NaCl(mM),BaCl2(mM),SrCl2(mM),CaCO3 (mM),Genipin (%w/v),PVA (%wt),trans-glutaminase (%w/v),alginate lyase (U/ml),D-glucose (%w/v),PLGA (%w/v),vascular tissued-derived dECM (%w/v),PEG-8-SH (mM),Lutrol F127 (%w/v),Alginate dialdehyde (%w/v),Alginate sulfate (%w/v),RGD-modified alginate (%w/v),hyaluronan metacrylate (%w/v),poly(N-isopropylacrylamide) grafted hyaluronan (%w/v),chondroitin sulfate methacrylate (%w/v),PCL (%w/v),alginate metacrylate (%w/v),HRP (U/ml),pluronic F127 (%w/v),Irgacure 2959 (%w/v),Eosin Y (%w/v),Ruthenium (mM),sodium persulfate (SPS) (mM),HEPES (mM),LAP (%w/v),glutaraldehyde (%w/v),PBS  (M),Cell_Density_(cells/mL),Physical_Crosslinking_Durantion_(s),Photocrosslinking_Duration_(s),Extrusion_Pressure (kPa),Extrusion_Rate_Lengthwise_(mm/s),Extrusion_Rate_Volume-wise_(mL/s),Nozzle_Movement_Speed_(mm/s),Nozzle_Diameter_(µm),chamber Temperature  (°C),Syringe_Temperature_(°C),Substrate_Temperature_(°C),Printability,Cell Response,Scaffold Quality (P*C),total_solids_pct,n_components,ceramic_pct,ceramic_fraction,is_bone_relevant,has_cells
Ning et al. 2018,10.1088/1758-5090/aacd30,1.0,0.0,0.0,0.0,0.0,0.0,0.0,0.0,0,0.5,0.0,0,4.0,0,0.0,0,0,0,0.0,0,0,0.0,0,0,0,0.0,0.0,0,20.0,0.0,0,0,0.0,0,0,0.0,0.0,0.0,0,0,0.0,0,0.0,0,0,0,0,0,0,0,0,0,0.0,0.0,0.0,0,0,0.0,0.0,0.0,1000000.0,1080.0,0,30.0,9.0,,6.0,200.0,,,22.0,3,3,9,5.5,4,0.0,0.0,1,1
Ning et al. 2018,10.1088/1758-5090/aacd30,1.0,0.0,0.0,0.0,0.0,0.0,0.0,0.0,0,0.5,0.0,0,4.0,0,0.0,0,0,0,0.0,0,0,0.0,0,0,0,0.0,0.0,0,20.0,0.0,0,0,0.0,0,0,0.0,0.0,0.0,0,0,0.0,0,0.0,0,0,0,0,0,0,0,0,0,0.0,0.0,0.0,0,0,0.0,0.0,0.0,1000000.0,1080.0,0,30.0,9.0,,6.0,200.0,,,22.0,3,3,9,5.5,4,0.0,0.0,1,1
Ning et al. 2018,10.1088/1758-5090/aacd30,1.0,0.0,0.0,0.0,0.0,0.0,0.0,0.0,0,0.5,0.0,0,4.0,0,0.0,0,0,0,0.0,0,0,0.0,0,0,0,0.0,0.0,0,20.0,0.0,0,0,0.0,0,0,0.0,0.0,0.0,0,0,0.0,0,0.0,0,0,0,0,0,0,0,0,0,0.0,0.0,0.0,0,0,0.0,0.0,0.0,1000000.0,1080.0,0,30.0,9.0,,6.0,200.0,,,22.0,3,5,15,5.5,4,0.0,0.0,1,1
Ning et al. 2018,10.1088/1758-5090/aacd30,0.0,0.0,0.0,0.0,0.0,0.0,0.0,0.0,0,0.5,0.0,0,4.0,0,0.0,0,0,0,0.0,0,0,0.0,0,0,0,0.0,0.0,0,20.0,0.0,0,0,0.0,0,0,0.0,0.0,0.0,0,0,0.0,0,0.0,0,1,0,0,0,0,0,0,0,0.0,0.0,0.0,0,0,0.0,0.0,0.0,1000000.0,1080.0,0,30.0,9.0,,6.0,200.0,,,22.0,3,3,9,5.5,4,0.0,0.0,1,1
Ning et al. 2018,10.1088/1758-5090/aacd30,0.0,0.0,0.0,0.0,0.0,0.0,0.0,0.0,0,0.5,0.0,0,4.0,0,0.0,0,0,0,0.0,0,0,0.0,0,0,0,0.0,0.0,0,20.0,0.0,0,0,0.0,0,0,0.0,0.0,0.0,0,0,0.0,0,0.0,0,1,0,0,0,0,0,0,0,0.0,0.0,0.0,0,0,0.0,0.0,0.0,1000000.0,1080.0,0,30.0,9.0,,6.0,200.0,,,22.0,3,3,9,5.5,4,0.0,0.0,1,1
Ning et al. 2018,10.1088/1758-5090/aacd30,0.0,0.0,0.0,0.0,0.0,0.0,0.0,0.0,0,0.5,0.0,0,4.0,0,0.0,0,0,0,0.0,0,0,0.0,0,0,0,0.0,0.0,0,20.0,0.0,0,0,0.0,0,0,0.0,0.0,0.0,0,0,0.0,0,0.0,0,1,0,0,0,0,0,0,0,0.0,0.0,0.0,0,0,0.0,0.0,0.0,1000000.0,1080.0,0,30.0,9.0,,6.0,200.0,,,22.0,3,5,15,5.5,4,0.0,0.0,1,1
Shim et al. 2012,10.1088/0960-1317/22/8/085014,0.0,0.0,0.0,0.0,0.0,0.0,0.0,0.0,0,0.0,0.0,0,0.0,0,0.0,0,0,0,0.0,0,0,0.0,0,0,0,0.0,0.0,0,100.0,145.0,0,0,0.0,0,0,0.0,0.0,0.0,0,0,0.0,0,0.0,0,0,0,0,0,100,0,0,0,0.0,0.0,0.0,0,0,0.0,0.0,0.0,0.0,600.0,0,400.0,0.834,,1.667,200.0,,80.0,22.0,3,1,3,100.0,3,0.0,0.0,1,0
Shim et al. 2012,10.1088/0960-1317/22/8/085014,0.0,0.0,0.0,0.0,0.0,0.0,0.0,0.0,0,0.0,0.0,0,0.0,0,0.0,0,0,0,0.0,0,0,0.0,0,0,0,0.0,0.0,0,100.0,145.0,0,0,0.0,0,0,0.0,0.0,0.0,0,0,0.0,0,0.0,0,0,0,0,0,100,0,0,0,0.0,0.0,0.0,0,0,0.0,0.0,0.0,0.0,600.0,0,400.0,1.667,,1.667,200.0,,80.0,22.0,3,1,3,100.0,3,0.0,0.0,1,0
Shim et al. 2012,10.1088/0960-1317/22/8/085014,0.0,0.0,0.0,0.0,0.0,0.0,0.0,0.0,0,0.0,0.0,0,0.0,0,0.0,0,0,0,0.0,0,0,0.0,0,0,0,0.0,0.0,0,100.0,145.0,0,0,0.0,0,0,0.0,0.0,0.0,0,0,0.0,0,0.0,0,0,0,0,0,100,0,0,0,0.0,0.0,0.0,0,0,0.0,0.0,0.0,0.0,600.0,0,400.0,2.5,,1.667,200.0,,80.0,22.0,3,1,3,100.0,3,0.0,0.0,1,0
Shim et al. 2012,10.1088/0960-1317/22/8/085014,0.0,0.0,0.0,0.0,0.0,0.0,0.0,0.0,0,0.0,0.0,0,0.0,0,0.0,0,0,0,0.0,0,0,0.0,0,0,0,0.0,0.0,0,100.0,145.0,0,0,0.0,0,0,0.0,0.0,0.0,0,0,0.0,0,0.0,0,0,0,0,0,100,0,0,0,0.0,0.0,0.0,0,0,0.0,0.0,0.0,0.0,600.0,0,400.0,3.334,,1.667,200.0,,80.0,22.0,3,1,3,100.0,3,0.0,0.0,1,0
Shim et al. 2012,10.1088/0960-1317/22/8/085014,0.0,0.0,0.0,0.0,0.0,0.0,0.0,0.0,0,0.0,0.0,0,0.0,0,0.0,0,0,0,0.0,0,0,0.0,0,0,0,0.0,0.0,0,100.0,145.0,0,0,0.0,0,0,0.0,0.0,0.0,0,0,0.0,0,0.0,0,0,0,0,0,100,0,0,0,0.0,0.0,0.0,0,0,0.0,0.0,0.0,0.0,600.0,0,400.0,4.167,,1.667,200.0,,80.0,22.0,3,1,3,100.0,3,0.0,0.0,1,0
Shim et al. 2012,10.1088/0960-1317/22/8/085014,0.0,0.0,0.0,0.0,0.0,0.0,0.0,0.0,0,0.0,0.0,0,0.0,0,0.0,0,0,0,0.0,0,0,0.0,0,0,0,0.0,0.0,0,100.0,145.0,0,0,0.0,0,0,0.0,0.0,0.0,0,0,0.0,0,0.0,0,0,0,0,0,100,0,0,0,0.0,0.0,0.0,0,0,0.0,0.0,0.0,0.0,600.0,0,400.0,5.0,,1.667,200.0,,80.0,22.0,3,1,3,100.0,3,0.0,0.0,1,0
Shim et al. 2012,10.1088/0960-1317/22/8/085014,0.0,0.0,0.0,0.0,0.0,0.0,0.0,0.0,0,0.0,0.0,0,0.0,0,0.0,0,0,0,0.0,0,0,0.0,0,0,0,0.0,0.0,0,100.0,145.0,0,0,0.0,0,0,0.0,0.0,0.0,0,0,0.0,0,0.0,0,0,0,0,0,100,0,0,0,0.0,0.0,0.0,0,0,0.0,0.0,0.0,0.0,600.0,0,400.0,0.834,,1.667,150.0,,80.0,22.0,3,1,3,100.0,3,0.0,0.0,1,0
Shim et al. 2012,10.1088/0960-1317/22/8/085014,0.0,0.0,0.0,0.0,0.0,0.0,0.0,0.0,0,0.0,0.0,0,0.0,0,0.0,0,0,0,0.0,0,0,0.0,0,0,0,0.0,0.0,0,100.0,145.0,0,0,0.0,0,0,0.0,0.0,0.0,0,0,0.0,0,0.0,0,0,0,0,0,100,0,0,0,0.0,0.0,0.0,0,0,0.0,0.0,0.0,0.0,600.0,0,400.0,1.25,,1.667,150.0,,80.0,22.0,3,1,3,100.0,3,0.0,0.0,1,0
Shim et al. 2012,10.1088/0960-1317/22/8/085014,0.0,0.0,0.0,0.0,0.0,0.0,0.0,0.0,0,0.0,0.0,0,0.0,0,0.0,0,0,0,0.0,0,0,0.0,0,0,0,0.0,0.0,0,100.0,145.0,0,0,0.0,0,0,0.0,0.0,0.0,0,0,0.0,0,0.0,0,0,0,0,0,100,0,0,0,0.0,0.0,0.0,0,0,0.0,0.0,0.0,0.0,600.0,0,300.0,0.834,,1.667,200.0,,80.0,22.0,3,1,3,100.0,3,0.0,0.0,1,0
Shim et al. 2012,10.1088/0960-1317/22/8/085014,0.0,0.0,0.0,0.0,0.0,0.0,0.0,0.0,0,0.0,0.0,0,0.0,0,0.0,0,0,0,0.0,0,0,0.0,0,0,0,0.0,0.0,0,100.0,145.0,0,0,0.0,0,0,0.0,0.0,0.0,0,0,0.0,0,0.0,0,0,0,0,0,100,0,0,0,0.0,0.0,0.0,0,0,0.0,0.0,0.0,0.0,600.0,0,300.0,1.667,,1.667,200.0,,80.0,22.0,3,1,3,100.0,3,0.0,0.0,1,0
Shim et al. 2012,10.1088/0960-1317/22/8/085014,0.0,0.0,0.0,0.0,0.0,0.0,0.0,0.0,0,0.0,0.0,0,0.0,0,0.0,0,0,0,0.0,0,0,0.0,0,0,0,0.0,0.0,0,100.0,145.0,0,0,0.0,0,0,0.0,0.0,0.0,0,0,0.0,0,0.0,0,0,0,0,0,100,0,0,0,0.0,0.0,0.0,0,0,0.0,0.0,0.0,0.0,600.0,0,300.0,2.5,,1.667,200.0,,80.0,22.0,3,1,3,100.0,3,0.0,0.0,1,0
Shim et al. 2012,10.1088/0960-1317/22/8/085014,0.0,0.0,0.0,0.0,0.0,0.0,0.0,0.0,0,0.0,0.0,0,0.0,0,0.0,0,0,0,0.0,0,0,0.0,0,0,0,0.0,0.0,0,100.0,145.0,0,0,0.0,0,0,0.0,0.0,0.0,0,0,0.0,0,0.0,0,0,0,0,0,100,0,0,0,0.0,0.0,0.0,0,0,0.0,0.0,0.0,0.0,600.0,0,300.0,3.334,,1.667,200.0,,80.0,22.0,3,1,3,100.0,3,0.0,0.0,1,0
Shim et al. 2012,10.1088/0960-1317/22/8/085014,0.0,0.0,0.0,0.0,0.0,0.0,0.0,0.0,0,0.0,0.0,0,0.0,0,0.0,0,0,0,0.0,0,0,0.0,0,0,0,0.0,0.0,0,100.0,145.0,0,0,0.0,0,0,0.0,0.0,0.0,0,0,0.0,0,0.0,0,0,0,0,0,100,0,0,0,0.0,0.0,0.0,0,0,0.0,0.0,0.0,0.0,600.0,0,300.0,4.167,,1.667,200.0,,80.0,22.0,3,1,3,100.0,3,0.0,0.0,1,0
Shim et al. 2012,10.1088/0960-1317/22/8/085014,0.0,0.0,0.0,0.0,0.0,0.0,0.0,0.0,0,0.0,0.0,0,0.0,0,0.0,0,0,0,0.0,0,0,0.0,0,0,0,0.0,0.0,0,100.0,145.0,0,0,0.0,0,0,0.0,0.0,0.0,0,0,0.0,0,0.0,0,0,0,0,0,100,0,0,0,0.0,0.0,0.0,0,0,0.0,0.0,0.0,0.0,600.0,0,300.0,5.0,,1.667,200.0,,80.0,22.0,3,1,3,100.0,3,0.0,0.0,1,0
Shim et al. 2012,10.1088/0960-1317/22/8/085014,0.0,0.0,0.0,0.0,0.0,0.0,0.0,0.0,0,0.0,0.0,0,0.0,0,0.0,0,0,0,0.0,0,0,0.0,0,0,0,0.0,0.0,0,100.0,145.0,0,0,0.0,0,0,0.0,0.0,0.0,0,0,0.0,0,0.0,0,0,0,0,0,100,0,0,0,0.0,0.0,0.0,0,0,0.0,0.0,0.0,0.0,600.0,0,300.0,0.834,,1.667,150.0,,80.0,22.0,3,1,3,100.0,3,0.0,0.0,1,0
Shim et al. 2012,10.1088/0960-1317/22/8/085014,0.0,0.0,0.0,0.0,0.0,0.0,0.0,0.0,0,0.0,0.0,0,0.0,0,0.0,0,0,0,0.0,0,0,0.0,0,0,0,0.0,0.0,0,100.0,145.0,0,0,0.0,0,0,0.0,0.0,0.0,0,0,0.0,0,0.0,0,0,0,0,0,100,0,0,0,0.0,0.0,0.0,0,0,0.0,0.0,0.0,0.0,600.0,0,300.0,1.25,,1.667,150.0,,80.0,22.0,3,1,3,100.0,3,0.0,0.0,1,0
Yin et al. 2018,10.1021/acsami.7b16059,0.0,0.0,0.0,0.0,0.0,5.0,0.5,0.0,0,0.0,0.0,0,0.0,0,0.0,0,0,0,0.0,0,0,0.0,0,0,0,0.0,0.0,0,0.0,0.0,0,0,0.0,0,0,0.0,0.0,0.0,0,0,0.0,0,0.0,0,0,0,0,0,0,0,0,0,0.0,0.0,0.0,0,0,0.5,0.0,0.0,5000000.0,0.0,120,300.0,,,5.0,260.0,,20.0,15.0,3,5,15,6.0,3,0.0,0.0,1,1
Yin et al. 2018,10.1021/acsami.7b16059,0.0,0.0,0.0,0.0,8.0,5.0,0.5,0.0,0,0.0,0.0,0,0.0,0,0.0,0,0,0,0.0,0,0,0.0,0,0,0,0.0,0.0,0,0.0,0.0,0,0,0.0,0,0,0.0,0.0,0.0,0,0,0.0,0,0.0,0,0,0,0,0,0,0,0,0,0.0,0.0,0.0,0,0,0.5,0.0,0.0,5000000.0,0.0,120,300.0,,,5.0,260.0,,20.0,15.0,3,5,15,14.0,4,0.0,0.0,1,1
Yin et al. 2018,10.1021/acsami.7b16059,0.0,0.0,0.0,0.0,0.0,30.0,0.5,0.0,0,0.0,0.0,0,0.0,0,0.0,0,0,0,0.0,0,0,0.0,0,0,0,0.0,0.0,0,0.0,0.0,0,0,0.0,0,0,0.0,0.0,0.0,0,0,0.0,0,0.0,0,0,0,0,0,0,0,0,0,0.0,0.0,0.0,0,0,0.5,0.0,0.0,5000000.0,0.0,120,300.0,,,5.0,260.0,,20.0,15.0,3,2,6,31.0,3,0.0,0.0,1,1
Yin et al. 2018,10.1021/acsami.7b16059,0.0,0.0,0.0,0.0,0.0,30.0,0.5,0.0,0,0.0,0.0,0,0.0,0,0.0,0,0,0,0.0,0,0,0.0,0,0,0,0.0,0.0,0,0.0,0.0,0,0,0.0,0,0,0.0,0.0,0.0,0,0,0.0,0,0.0,0,0,0,0,0,0,0,0,0,0.0,0.0,0.0,0,0,0.5,0.0,0.0,5000000.0,0.0,120,300.0,,,5.0,260.0,,20.0,15.0,3,4,12,31.0,3,0.0,0.0,1,1
Demirtaş et al. 2017,10.1088/1758-5090/aa7b1d,3.0,0.0,1.0,0.0,0.0,0.0,0.0,0.0,2,0.0,0.0,0,0.0,0,0.0,0,0,0,0.0,0,0,0.0,0,0,0,0.0,0.0,0,180.0,0.0,0,0,0.0,0,0,0.0,0.0,0.0,0,0,0.0,0,0.0,0,0,0,0,0,0,0,0,0,0.0,0.0,0.0,0,0,0.0,0.0,0.0,30000000.0,900.0,0,,,,,1200.0,,,37.0,3,3,9,6.0,4,2.0,0.3333333333333333,1,1
Demirtaş et al. 2017,10.1088/1758-5090/aa7b1d,3.0,0.0,1.0,0.0,0.0,0.0,0.0,0.0,2,0.0,0.0,0,0.0,0,0.0,0,0,0,0.0,0,0,0.0,0,0,0,0.0,0.0,0,180.0,0.0,0,0,0.0,0,0,0.0,0.0,0.0,0,0,0.0,0,0.0,0,0,0,0,0,0,0,0,0,0.0,0.0,0.0,0,0,0.0,0.0,0.0,30000000.0,900.0,0,,,,,1200.0,,,37.0,3,5,15,6.0,4,2.0,0.3333333333333333,1,1
Demirtaş et al. 2017,10.1088/1758-5090/aa7b1d,0.0,0.0,0.0,0.0,0.0,0.0,0.0,0.0,0,0.0,0.0,0,0.0,0,0.0,2,0,0,0.0,0,0,0.0,0,0,0,0.0,0.0,0,0.0,0.0,0,0,0.0,0,0,0.0,0.0,0.0,0,0,0.0,0,0.0,0,0,0,0,0,0,0,0,0,0.0,0.0,0.0,0,0,0.0,0.0,0.0,30000000.0,900.0,0,,,,,1200.0,,,37.0,3,3,9,2.0,1,0.0,0.0,1,1
Demirtaş et al. 2017,10.1088/1758-5090/aa7b1d,0.0,0.0,0.0,0.0,0.0,0.0,0.0,0.0,0,0.0,0.0,0,0.0,0,0.0,2,0,0,0.0,0,0,0.0,0,0,0,0.0,0.0,0,0.0,0.0,0,0,0.0,0,0,0.0,0.0,0.0,0,0,0.0,0,0.0,0,0,0,0,0,0,0,0,0,0.0,0.0,0.0,0,0,0.0,0.0,0.0,30000000.0,900.0,0,,,,,1200.0,,,37.0,3,5,15,2.0,1,0.0,0.0,1,1
Demirtaş et al. 2017,10.1088/1758-5090/aa7b1d,0.0,0.0,0.0,0.0,0.0,0.0,0.0,0.0,2,0.0,0.0,0,0.0,0,0.0,2,0,0,0.0,0,0,0.0,0,0,0,0.0,0.0,0,0.0,0.0,0,0,0.0,0,0,0.0,0.0,0.0,0,0,0.0,0,0.0,0,0,0,0,0,0,0,0,0,0.0,0.0,0.0,0,0,0.0,0.0,0.0,30000000.0,900.0,0,,,,,1200.0,,,37.0,3,3,9,4.0,2,2.0,0.5,1,1
Demirtaş et al. 2017,10.1088/1758-5090/aa7b1d,0.0,0.0,0.0,0.0,0.0,0.0,0.0,0.0,2,0.0,0.0,0,0.0,0,0.0,2,0,0,0.0,0,0,0.0,0,0,0,0.0,0.0,0,0.0,0.0,0,0,0.0,0,0,0.0,0.0,0.0,0,0,0.0,0,0.0,0,0,0,0,0,0,0,0,0,0.0,0.0,0.0,0,0,0.0,0.0,0.0,30000000.0,900.0,0,,,,,1200.0,,,37.0,3,5,15,4.0,2,2.0,0.5,1,1
Das et al. 2015,10.1016/j.actbio.2014.09.023,0.0,0.0,0.0,0.0,15.0,0.0,0.0,0.0,0,0.0,0.0,0,8.0,0,0.0,0,0,0,0.0,0,0,0.0,0,0,0,0.0,0.0,0,100.0,145.0,0,0,0.0,0,0,0.0,0.0,0.0,0,0,0.0,0,0.0,0,0,0,0,0,0,0,0,0,0.0,0.0,0.0,0,0,0.0,0.0,0.0,3500000.0,10.0,0,225.0,1.0,,,250.0,,28.0,18.0,3,5,15,23.0,4,0.0,0.0,1,1
Das et al. 2015,10.1016/j.actbio.2014.09.023,0.0,0.0,0.0,0.0,15.0,0.0,0.0,0.0,0,0.0,0.0,0,8.0,0,0.0,0,0,0,0.0,0,0,0.0,0,0,0,0.0,0.0,0,100.0,145.0,0,0,0.0,0,0,0.0,0.0,0.0,0,0,0.0,0,0.0,0,0,0,0,0,0,0,0,0,0.0,0.0,0.0,0,0,0.0,0.0,0.0,3500000.0,10.0,0,225.0,1.0,,,250.0,,28.0,18.0,2,2,4,23.0,4,0.0,0.0,1,1
Das et al. 2015,10.1016/j.actbio.2014.09.023,0.0,0.0,0.0,0.0,15.0,0.0,0.0,0.0,0,0.0,0.0,0,8.0,0,0.0,0,0,0,0.0,0,0,0.0,0,0,0,0.0,0.0,0,100.0,145.0,0,0,0.0,0,0,0.0,0.0,0.0,0,0,0.0,0,0.0,0,0,0,0,0,0,0,0,0,0.0,0.0,0.0,0,0,0.0,0.0,0.0,3500000.0,10.0,0,225.0,1.0,,,250.0,,28.0,18.0,2,4,8,23.0,4,0.0,0.0,1,1
Das et al. 2015,10.1016/j.actbio.2014.09.023,0.0,0.0,0.0,0.0,15.0,0.0,0.0,0.0,0,0.0,0.0,0,8.0,0,0.0,0,0,0,0.0,0,0,0.0,0,0,0,0.0,0.0,0,100.0,145.0,0,0,0.0,0,0,0.0,0.0,0.0,0,0,0.0,0,0.0,0,0,0,0,0,0,0,0,0,0.0,0.0,0.0,0,0,0.0,0.0,0.0,3500000.0,10.0,0,225.0,1.0,,,250.0,,28.0,18.0,2,2,4,23.0,4,0.0,0.0,1,1
Das et al. 2015,10.1016/j.actbio.2014.09.023,0.0,0.0,0.0,0.0,15.0,0.0,0.0,0.0,0,0.0,0.0,0,8.0,0,0.0,0,0,0,0.0,0,0,0.0,0,0,0,0.0,0.0,0,100.0,145.0,0,0,0.0,0,0,0.0,0.0,0.0,0,0,0.0,0,0.0,0,0,0,0,0,0,0,0,0,0.0,0.0,0.0,0,0,0.0,0.0,0.0,3500000.0,10.0,0,225.0,1.0,,,250.0,,28.0,18.0,2,4,8,23.0,4,0.0,0.0,1,1
Chen et al. 2019,10.1021/acsami.9b09782,0.0,0.0,0.0,0.0,0.0,5.0,0.0,0.0,0,0.0,0.0,0,2.0,0,0.0,0,0,0,0.0,0,0,0.0,0,0,0,0.0,0.0,0,0.0,0.0,0,0,0.0,0,0,0.0,0.0,0.0,0,0,0.0,0,0.0,0,0,0,0,0,0,0,0,0,0.5,0.0,0.0,0,0,0.0,0.0,0.0,1000000.0,0.0,40,,,0.000833,5.0,210.0,,37.0,22.0,3,5,15,7.5,3,0.0,0.0,1,1
Chen et al. 2019,10.1021/acsami.9b09782,0.0,0.0,0.0,0.0,0.0,5.0,0.0,0.0,0,0.0,0.0,0,2.0,0,0.0,0,0,0,0.0,0,0,0.0,0,0,0,0.0,0.0,0,0.0,0.0,0,0,0.0,0,0,0.0,0.0,0.0,0,0,0.0,0,0.0,0,0,0,0,0,0,0,0,0,0.5,0.0,0.0,0,0,0.0,0.0,0.0,1000000.0,0.0,40,,,0.000833,5.0,210.0,,37.0,22.0,3,5,15,7.5,3,0.0,0.0,1,1
Cidonio et al. 2019,10.1088/1758-5090/ab19fd,0.0,0.0,0.0,0.0,0.0,7.5,1.0,0.0,0,0.0,0.0,0,0.0,0,0.0,0,0,0,0.0,0,0,0.0,0,0,0,0.0,0.0,0,0.0,0.0,0,0,0.0,0,0,0.0,0.0,0.0,0,0,0.0,0,0.0,0,0,0,0,0,0,0,0,0,0.0,0.0,1.0,10,0,0.0,0.0,0.0,5000000.0,0.0,180,,,,9.167,300.0,,20.5,22.0,3,5,15,8.5,4,0.0,0.0,1,1
Cidonio et al. 2019,10.1088/1758-5090/ab19fd,0.0,0.0,0.0,0.0,0.0,7.5,1.0,0.0,0,0.0,0.0,0,0.0,0,0.0,0,0,0,0.0,0,0,0.0,0,0,0,0.0,0.0,0,0.0,0.0,0,0,0.0,0,0,0.0,0.0,0.0,0,0,0.0,0,0.0,0,0,0,0,0,0,0,0,0,0.0,0.0,1.0,10,0,0.0,0.0,0.0,5000000.0,0.0,180,,,,9.167,300.0,,20.5,22.0,3,5,15,8.5,4,0.0,0.0,1,1
Cidonio et al. 2019,10.1088/1758-5090/ab19fd,0.0,0.0,0.0,0.0,0.0,7.5,1.0,0.0,0,0.0,0.0,0,0.0,0,0.0,0,0,0,0.0,0,0,0.0,0,0,0,0.0,0.0,0,0.0,0.0,0,0,0.0,0,0,0.0,0.0,0.0,0,0,0.0,0,0.0,0,0,0,0,0,0,0,0,0,0.0,0.0,1.0,10,0,0.0,0.0,0.0,5000000.0,0.0,180,,,,9.167,300.0,,20.5,22.0,3,5,15,8.5,4,0.0,0.0,1,1
Cidonio et al. 2019,10.1088/1758-5090/ab19fd,0.0,0.0,0.0,0.0,0.0,7.5,0.5,0.0,0,0.0,0.0,0,0.0,0,0.0,0,0,0,0.0,0,0,0.0,0,0,0,0.0,0.0,0,0.0,0.0,0,0,0.0,0,0,0.0,0.0,0.0,0,0,0.0,0,0.0,0,0,0,0,0,0,0,0,0,0.0,0.0,1.0,10,0,0.0,0.0,0.0,0.0,0.0,180,,,,9.167,300.0,,20.5,22.0,2,1,2,8.0,4,0.0,0.0,1,0
Cidonio et al. 2019,10.1088/1758-5090/ab19fd,0.0,0.0,0.0,0.0,10.0,0.0,0.5,0.0,0,0.0,0.0,0,0.0,0,0.0,0,0,0,0.0,0,0,0.0,0,0,0,0.0,0.0,0,0.0,0.0,0,0,0.0,0,0,0.0,0.0,0.0,0,0,0.0,0,0.0,0,0,0,0,0,0,0,0,0,0.0,0.0,1.0,10,0,0.0,0.0,0.0,0.0,0.0,180,,,,9.167,300.0,,20.5,22.0,2,1,2,10.5,4,0.0,0.0,1,0
Cidonio et al. 2019,10.1088/1758-5090/ab19fd,0.0,0.0,0.0,0.0,10.0,0.0,1.0,0.0,0,0.0,0.0,0,0.0,0,0.0,0,0,0,0.0,0,0,0.0,0,0,0,0.0,0.0,0,0.0,0.0,0,0,0.0,0,0,0.0,0.0,0.0,0,0,0.0,0,0.0,0,0,0,0,0,0,0,0,0,0.0,0.0,1.0,10,0,0.0,0.0,0.0,0.0,0.0,180,,,,9.167,300.0,,20.5,22.0,2,1,2,11.0,4,0.0,0.0,1,0
Kolan et al. 2019,10.18063/ijb.v5i2.2.204,0.0,0.0,0.0,0.0,0.0,0.0,0.0,0.0,0,0.0,0.0,0,0.0,0,0.0,0,0,0,0.0,0,50,0.0,0,0,0,0.0,0.0,0,300.0,0.0,0,0,0.0,0,0,0.0,0.0,0.0,0,0,0.0,0,0.0,0,0,0,0,0,50,0,0,0,0.0,0.0,0.0,0,0,0.0,0.0,0.0,0.0,600.0,0,275.8,,,10.0,410.0,,37.0,22.0,3,1,3,100.0,3,50.0,0.5,1,0
Kolan et al. 2019,10.18063/ijb.v5i2.2.204,0.0,0.0,0.0,0.0,0.0,0.0,0.0,0.0,0,0.0,0.0,0,0.0,0,0.0,0,0,0,0.0,0,50,0.0,0,0,0,0.0,0.0,0,300.0,0.0,0,0,0.0,0,0,0.0,0.0,0.0,0,0,0.0,0,0.0,0,0,0,0,0,50,0,0,0,0.0,0.0,0.0,0,0,0.0,0.0,0.0,0.0,600.0,0,275.8,,,10.0,410.0,,37.0,22.0,3,1,3,100.0,3,50.0,0.5,1,0
Moncal et al. 2020,10.1007/s10856-019-6258-3,0.0,0.0,0.0,0.0,0.0,0.0,0.0,0.0,0,0.0,0.0,0,0.0,40,3.0,0,0,0,0.0,0,0,0.0,0,0,0,0.0,0.0,0,0.0,0.0,0,0,0.0,0,0,0.0,0.0,0.0,0,0,0.0,0,0.0,0,0,0,0,0,0,0,0,0,0.0,0.0,0.0,0,0,0.0,0.0,0.0,10000000.0,0.0,0,67.5,,,3.33,337.0,,44.0,37.0,1,2,2,43.0,2,0.0,0.0,1,1
Moncal et al. 2021,10.1007/s10856-019-6258-4,0.0,0.0,0.0,0.0,0.0,0.0,0.0,0.0,0,0.0,0.0,0,0.0,60,3.0,0,0,0,0.0,0,0,0.0,0,0,0,0.0,0.0,0,0.0,0.0,0,0,0.0,0,0,0.0,0.0,0.0,0,0,0.0,0,0.0,0,0,0,0,0,0,0,0,0,0.0,0.0,0.0,0,0,0.0,0.0,0.0,10000000.0,0.0,0,67.5,,,3.33,337.0,,44.0,37.0,1,2,2,63.0,2,0.0,0.0,1,1
Moncal et al. 2022,10.1007/s10856-019-6258-5,0.0,0.0,0.0,0.0,0.0,0.0,0.0,0.0,0,0.0,0.0,0,0.0,40,6.0,0,0,0,0.0,0,0,0.0,0,0,0,0.0,0.0,0,0.0,0.0,0,0,0.0,0,0,0.0,0.0,0.0,0,0,0.0,0,0.0,0,0,0,0,0,0,0,0,0,0.0,0.0,0.0,0,0,0.0,0.0,0.0,10000000.0,0.0,0,67.5,,,3.33,337.0,,44.0,37.0,0,2,0,46.0,2,0.0,0.0,1,1
Moncal et al. 2023,10.1007/s10856-019-6258-6,0.0,0.0,0.0,0.0,0.0,0.0,0.0,0.0,0,0.0,0.0,0,0.0,60,6.0,0,0,0,0.0,0,0,0.0,0,0,0,0.0,0.0,0,0.0,0.0,0,0,0.0,0,0,0.0,0.0,0.0,0,0,0.0,0,0.0,0,0,0,0,0,0,0,0,0,0.0,0.0,0.0,0,0,0.0,0.0,0.0,10000000.0,0.0,0,67.5,,,3.33,337.0,,44.0,37.0,2,3,6,66.0,2,0.0,0.0,1,1
Moncal et al. 2024,10.1007/s10856-019-6258-7,0.0,0.0,0.0,0.0,0.0,0.0,0.0,0.0,0,0.0,0.0,0,0.0,40,3.0,0,0,0,0.0,0,0,0.0,0,0,0,0.0,0.0,0,0.0,0.0,0,0,0.0,0,0,0.0,0.0,0.0,0,0,0.0,0,0.0,0,0,0,0,0,0,0,0,0,0.0,0.0,0.0,0,0,0.0,0.0,0.0,10000000.0,0.0,0,30.0,,,3.33,337.0,,44.0,37.0,1,2,2,43.0,2,0.0,0.0,1,1
Moncal et al. 2025,10.1007/s10856-019-6258-8,0.0,0.0,0.0,0.0,0.0,0.0,0.0,0.0,0,0.0,0.0,0,0.0,60,3.0,0,0,0,0.0,0,0,0.0,0,0,0,0.0,0.0,0,0.0,0.0,0,0,0.0,0,0,0.0,0.0,0.0,0,0,0.0,0,0.0,0,0,0,0,0,0,0,0,0,0.0,0.0,0.0,0,0,0.0,0.0,0.0,10000000.0,0.0,0,30.0,,,3.33,337.0,,44.0,37.0,1,2,2,63.0,2,0.0,0.0,1,1
Moncal et al. 2026,10.1007/s10856-019-6258-9,0.0,0.0,0.0,0.0,0.0,0.0,0.0,0.0,0,0.0,0.0,0,0.0,40,6.0,0,0,0,0.0,0,0,0.0,0,0,0,0.0,0.0,0,0.0,0.0,0,0,0.0,0,0,0.0,0.0,0.0,0,0,0.0,0,0.0,0,0,0,0,0,0,0,0,0,0.0,0.0,0.0,0,0,0.0,0.0,0.0,10000000.0,0.0,0,30.0,,,3.33,337.0,,44.0,37.0,1,2,2,46.0,2,0.0,0.0,1,1
Moncal et al. 2027,10.1007/s10856-019-6258-10,0.0,0.0,0.0,0.0,0.0,0.0,0.0,0.0,0,0.0,0.0,0,0.0,60,6.0,0,0,0,0.0,0,0,0.0,0,0,0,0.0,0.0,0,0.0,0.0,0,0,0.0,0,0,0.0,0.0,0.0,0,0,0.0,0,0.0,0,0,0,0,0,0,0,0,0,0.0,0.0,0.0,0,0,0.0,0.0,0.0,10000000.0,0.0,0,30.0,,,3.33,337.0,,44.0,37.0,1,2,2,66.0,2,0.0,0.0,1,1
Moncal et al. 2028,10.1007/s10856-019-6258-11,0.0,0.0,0.0,0.0,0.0,0.0,0.0,0.0,0,0.0,0.0,0,0.0,40,3.0,0,0,0,0.0,0,0,0.0,0,0,0,0.0,0.0,0,0.0,0.0,0,0,0.0,0,0,0.0,0.0,0.0,0,0,0.0,0,0.0,0,0,0,0,0,0,0,0,0,0.0,0.0,0.0,0,0,0.0,0.0,0.0,10000000.0,0.0,0,150.0,,,3.33,337.0,,44.0,37.0,2,1,2,43.0,2,0.0,0.0,1,1
Moncal et al. 2029,10.1007/s10856-019-6258-12,0.0,0.0,0.0,0.0,0.0,0.0,0.0,0.0,0,0.0,0.0,0,0.0,60,3.0,0,0,0,0.0,0,0,0.0,0,0,0,0.0,0.0,0,0.0,0.0,0,0,0.0,0,0,0.0,0.0,0.0,0,0,0.0,0,0.0,0,0,0,0,0,0,0,0,0,0.0,0.0,0.0,0,0,0.0,0.0,0.0,10000000.0,0.0,0,150.0,,,3.33,337.0,,44.0,37.0,0,1,0,63.0,2,0.0,0.0,1,1
Moncal et al. 2030,10.1007/s10856-019-6258-13,0.0,0.0,0.0,0.0,0.0,0.0,0.0,0.0,0,0.0,0.0,0,0.0,40,6.0,0,0,0,0.0,0,0,0.0,0,0,0,0.0,0.0,0,0.0,0.0,0,0,0.0,0,0,0.0,0.0,0.0,0,0,0.0,0,0.0,0,0,0,0,0,0,0,0,0,0.0,0.0,0.0,0,0,0.0,0.0,0.0,10000000.0,0.0,0,150.0,,,3.33,337.0,,44.0,37.0,0,1,0,46.0,2,0.0,0.0,1,1
Moncal et al. 2031,10.1007/s10856-019-6258-14,0.0,0.0,0.0,0.0,0.0,0.0,0.0,0.0,0,0.0,0.0,0,0.0,60,6.0,0,0,0,0.0,0,0,0.0,0,0,0,0.0,0.0,0,0.0,0.0,0,0,0.0,0,0,0.0,0.0,0.0,0,0,0.0,0,0.0,0,0,0,0,0,0,0,0,0,0.0,0.0,0.0,0,0,0.0,0.0,0.0,10000000.0,0.0,0,150.0,,,3.33,337.0,,44.0,37.0,0,1,0,66.0,2,0.0,0.0,1,1
Kang et al. 2020,10.1002/smll.201905505,3.0,0.0,0.0,0.0,0.0,0.0,0.0,0.0,0,0.0,0.0,0,0.0,0,3.0,0,0,0,0.0,0,0,0.0,0,0,0,0.0,0.0,0,0.0,0.0,0,0,0.0,0,0,0.0,0.0,0.0,0,0,0.0,0,0.0,0,0,0,0,0,0,0,0,0,0.0,0.0,0.0,0,0,0.0,0.0,0.0,6000000.0,0.0,0,45.0,6.67,,,500.0,,,37.0,3,3,9,6.0,2,0.0,0.0,1,1
Kang et al. 2020,10.1002/smll.201905505,3.0,0.0,0.0,0.0,0.0,0.0,0.0,0.0,0,0.0,0.0,0,0.0,0,3.0,0,0,0,0.0,0,0,0.0,0,0,0,0.0,0.0,0,0.0,0.0,0,0,0.0,0,0,0.0,0.0,0.0,0,0,0.0,0,0.0,0,0,0,0,0,0,0,0,0,0.0,0.0,0.0,0,0,0.0,0.0,0.0,6000000.0,0.0,0,45.0,6.67,,,500.0,,,37.0,3,5,15,6.0,2,0.0,0.0,1,1
Kang et al. 2020,10.1002/smll.201905505,0.0,0.0,0.0,0.0,0.0,0.0,0.0,0.0,0,0.0,0.0,0,0.0,0,3.0,0,0,0,0.0,0,0,0.0,0,0,0,0.0,0.0,0,0.0,0.0,0,0,0.0,0,0,0.0,0.0,0.0,0,0,0.0,0,0.0,0,0,0,0,0,0,0,0,0,0.0,0.0,0.0,0,0,0.0,0.0,0.0,6000000.0,0.0,0,45.0,6.67,,,500.0,,,37.0,3,3,9,3.0,1,0.0,0.0,1,1
Kang et al. 2020,10.1002/smll.201905505,0.0,0.0,0.0,0.0,0.0,0.0,0.0,0.0,0,0.0,0.0,0,0.0,0,3.0,0,0,0,0.0,0,0,0.0,0,0,0,0.0,0.0,0,0.0,0.0,0,0,0.0,0,0,0.0,0.0,0.0,0,0,0.0,0,0.0,0,0,0,0,0,0,0,0,0,0.0,0.0,0.0,0,0,0.0,0.0,0.0,6000000.0,0.0,0,45.0,6.67,,,500.0,,,37.0,3,5,15,3.0,1,0.0,0.0,1,1
Kang et al. 2020,10.1002/smll.201905505,3.0,0.0,0.0,0.0,0.0,0.0,0.0,0.0,0,0.0,0.0,0,0.0,0,3.0,0,0,0,0.0,0,0,0.0,0,0,0,0.0,0.0,0,0.0,0.0,0,0,0.0,0,0,0.0,0.0,0.0,0,0,0.0,0,0.0,0,0,0,0,0,0,0,0,0,0.0,0.0,0.0,0,0,0.0,0.0,0.0,6000000.0,0.0,0,45.0,6.67,,,500.0,,,37.0,3,3,9,6.0,2,0.0,0.0,1,1
Kang et al. 2020,10.1002/smll.201905505,3.0,0.0,0.0,0.0,0.0,0.0,0.0,0.0,0,0.0,0.0,0,0.0,0,3.0,0,0,0,0.0,0,0,0.0,0,0,0,0.0,0.0,0,0.0,0.0,0,0,0.0,0,0,0.0,0.0,0.0,0,0,0.0,0,0.0,0,0,0,0,0,0,0,0,0,0.0,0.0,0.0,0,0,0.0,0.0,0.0,6000000.0,0.0,0,45.0,6.67,,,500.0,,,37.0,3,5,15,6.0,2,0.0,0.0,1,1
Kang et al. 2020,10.1002/smll.201905505,3.0,0.0,0.0,0.0,35.0,0.0,0.0,0.0,0,0.0,0.0,0,0.0,0,3.0,0,0,0,0.0,0,0,0.0,0,0,0,0.0,0.0,0,0.0,0.0,0,0,0.0,0,0,0.0,0.0,0.0,0,0,0.0,0,0.0,0,0,0,0,0,0,0,0,0,0.0,0.0,0.0,0,0,0.0,0.0,0.0,6000000.0,0.0,0,45.0,6.67,,,500.0,,,37.0,3,3,9,41.0,3,0.0,0.0,1,1
Kang et al. 2020,10.1002/smll.201905505,3.0,0.0,0.0,0.0,35.0,0.0,0.0,0.0,0,0.0,0.0,0,0.0,0,3.0,0,0,0,0.0,0,0,0.0,0,0,0,0.0,0.0,0,0.0,0.0,0,0,0.0,0,0,0.0,0.0,0.0,0,0,0.0,0,0.0,0,0,0,0,0,0,0,0,0,0.0,0.0,0.0,0,0,0.0,0.0,0.0,6000000.0,0.0,0,45.0,6.67,,,500.0,,,37.0,3,5,15,41.0,3,0.0,0.0,1,1
Kang et al. 2020,10.1002/smll.201905505,0.0,0.0,0.0,0.0,35.0,0.0,0.0,0.0,0,0.0,0.0,0,0.0,0,3.0,0,0,0,0.0,0,0,0.0,0,0,0,0.0,0.0,0,0.0,0.0,0,0,0.0,0,0,0.0,0.0,0.0,0,0,0.0,0,0.0,0,0,0,0,0,0,0,0,0,0.0,0.0,0.0,0,0,0.0,0.0,0.0,6000000.0,0.0,0,45.0,6.67,,,500.0,,,37.0,3,3,9,38.0,2,0.0,0.0,1,1
Kang et al. 2020,10.1002/smll.201905505,0.0,0.0,0.0,0.0,35.0,0.0,0.0,0.0,0,0.0,0.0,0,0.0,0,3.0,0,0,0,0.0,0,0,0.0,0,0,0,0.0,0.0,0,0.0,0.0,0,0,0.0,0,0,0.0,0.0,0.0,0,0,0.0,0,0.0,0,0,0,0,0,0,0,0,0,0.0,0.0,0.0,0,0,0.0,0.0,0.0,6000000.0,0.0,0,45.0,6.67,,,500.0,,,37.0,3,5,15,38.0,2,0.0,0.0,1,1
Kang et al. 2020,10.1002/smll.201905505,3.0,0.0,0.0,0.0,0.0,0.0,0.0,0.0,0,0.0,0.0,0,0.0,0,3.0,0,0,0,0.0,0,0,0.0,0,0,0,0.0,0.0,0,0.0,0.0,0,0,0.0,0,0,0.0,0.0,0.0,0,0,0.0,0,0.0,0,0,0,0,0,0,0,0,0,0.0,0.0,0.0,0,0,0.0,0.0,0.0,6000000.0,0.0,0,45.0,6.67,,,500.0,,,37.0,3,3,9,6.0,2,0.0,0.0,1,1
Kang et al. 2020,10.1002/smll.201905505,3.0,0.0,0.0,0.0,0.0,0.0,0.0,0.0,0,0.0,0.0,0,0.0,0,3.0,0,0,0,0.0,0,0,0.0,0,0,0,0.0,0.0,0,0.0,0.0,0,0,0.0,0,0,0.0,0.0,0.0,0,0,0.0,0,0.0,0,0,0,0,0,0,0,0,0,0.0,0.0,0.0,0,0,0.0,0.0,0.0,6000000.0,0.0,0,45.0,6.67,,,500.0,,,37.0,3,5,15,6.0,2,0.0,0.0,1,1
Gao et al .2017,10.1002/adfm.201700798,2.0,0.0,0.0,0.0,0.0,0.0,0.0,0.0,0,0.0,0.0,0,0.0,0,0.0,0,0,0,0.0,0,0,0.0,0,0,0,0.0,0.0,0,100.0,0.0,0,0,0.0,0,0,0.0,0.0,0.0,100,3,0.0,0,0.0,0,0,0,0,0,0,0,0,0,0.0,0.0,0.0,0,0,0.0,0.0,0.0,10000000.0,1800.0,0,30.0,,,,1372.0,,,22.0,3,3,9,105.0,4,0.0,0.0,1,1
Gao et al .2017,10.1002/adfm.201700798,2.0,0.0,0.0,0.0,0.0,0.0,0.0,0.0,0,0.0,0.0,0,0.0,0,0.0,0,0,0,0.0,0,0,0.0,0,0,0,0.0,0.0,0,100.0,0.0,0,0,0.0,0,0,0.0,0.0,0.0,100,3,0.0,0,0.0,0,0,0,0,0,0,0,0,0,0.0,0.0,0.0,0,0,0.0,0.0,0.0,10000000.0,1800.0,0,30.0,,,,1372.0,,,22.0,3,5,15,105.0,4,0.0,0.0,1,1
Gao et al .2017,10.1002/adfm.201700798,2.0,0.0,0.0,0.0,0.0,0.0,0.0,0.0,0,0.0,0.0,0,0.0,0,0.0,0,0,0,0.0,0,0,0.0,0,0,0,0.0,0.0,0,100.0,0.0,0,0,0.0,0,0,0.0,0.0,0.0,100,3,0.0,0,0.0,0,0,0,0,0,0,0,0,0,0.0,0.0,0.0,0,0,0.0,0.0,0.0,10000000.0,1800.0,0,30.0,,,,2159.0,,,22.0,3,2,6,105.0,4,0.0,0.0,1,1
Gao et al .2017,10.1002/adfm.201700798,2.0,0.0,0.0,0.0,0.0,0.0,0.0,0.0,0,0.0,0.0,0,0.0,0,0.0,0,0,0,0.0,0,0,0.0,0,0,0,0.0,0.0,0,100.0,0.0,0,0,0.0,0,0,0.0,0.0,0.0,100,3,0.0,0,0.0,0,0,0,0,0,0,0,0,0,0.0,0.0,0.0,0,0,0.0,0.0,0.0,10000000.0,1800.0,0,30.0,,,,838.0,,,22.0,3,2,6,105.0,4,0.0,0.0,1,1
Idaszek et al. 2019,10.1088/1758-5090/ab2622,4.0,0.0,0.0,0.0,0.0,6.0,0.0,0.0,0,0.5,0.0,0,0.0,0,0.0,0,4,0,0.5,0,0,0.0,0,0,0,0.0,0.0,0,1.0,0.0,0,0,0.0,0,0,0.0,0.0,0.0,0,0,0.0,0,0.0,0,0,0,0,0,0,0,0,0,0.0,0.0,0.0,0,0,0.0,0.0,0.0,10000000.0,0.0,30,,,,235.0,686.0,,,,3,3,9,15.0,6,0.5,0.03333333333333333,1,1
Idaszek et al. 2019,10.1088/1758-5090/ab2622,4.0,0.0,0.0,0.0,0.0,6.0,0.0,0.0,0,0.5,0.0,0,0.0,0,0.0,0,4,0,0.5,0,0,0.0,0,0,0,0.0,0.0,0,1.0,0.0,0,0,0.0,0,0,0.0,0.0,0.0,0,0,0.0,0,0.0,0,0,0,0,0,0,0,0,0,0.0,0.0,0.0,0,0,0.0,0.0,0.0,10000000.0,0.0,30,,,,235.0,686.0,,,,3,5,15,15.0,6,0.5,0.03333333333333333,1,1
Idaszek et al. 2019,10.1088/1758-5090/ab2622,4.0,0.0,0.0,0.0,0.0,6.0,0.0,0.0,0,0.5,0.0,0,0.0,0,0.0,0,4,0,0.5,0,0,0.0,0,0,0,0.0,0.0,0,1.0,0.0,0,0,0.0,0,0,0.0,0.0,0.0,0,0,0.0,0,0.0,0,0,0,0,0,0,0,0,0,0.0,0.0,0.0,0,0,0.0,0.0,0.0,10000000.0,0.0,30,,,,235.0,686.0,,,,3,3,9,15.0,6,0.5,0.03333333333333333,1,1
Idaszek et al. 2019,10.1088/1758-5090/ab2622,4.0,0.0,0.0,0.0,0.0,6.0,0.0,0.0,0,0.5,0.0,0,0.0,0,0.0,0,4,0,0.5,0,0,0.0,0,0,0,0.0,0.0,0,1.0,0.0,0,0,0.0,0,0,0.0,0.0,0.0,0,0,0.0,0,0.0,0,0,0,0,0,0,0,0,0,0.0,0.0,0.0,0,0,0.0,0.0,0.0,10000000.0,0.0,30,,,,235.0,686.0,,,,3,5,15,15.0,6,0.5,0.03333333333333333,1,1
Ouyang et al. 2017,10.1002/adma.201604983,0.0,0.0,0.0,0.0,0.0,0.0,0.05,0.0,0,0.0,0.0,2,0.0,0,0.0,0,0,0,0.0,0,0,0.0,0,0,0,0.0,0.0,0,0.0,0.0,0,0,0.0,0,0,0.0,0.0,0.0,0,0,0.0,0,0.0,0,0,0,0,0,0,0,0,0,0.0,0.0,0.0,0,0,0.0,0.0,0.0,2500000.0,0.0,120,,,6e-05,0.5,127.0,,,,3,3,9,2.05,2,0.0,0.0,1,1
Ouyang et al. 2017,10.1002/adma.201604983,0.0,0.0,0.0,0.0,0.0,0.0,0.05,0.0,0,0.0,0.0,2,0.0,0,0.0,0,0,0,0.0,0,0,0.0,0,0,0,0.0,0.0,0,0.0,0.0,0,0,0.0,0,0,0.0,0.0,0.0,0,0,0.0,0,0.0,0,0,0,0,0,0,0,0,0,0.0,0.0,0.0,0,0,0.0,0.0,0.0,2500000.0,0.0,120,,,6e-05,0.5,127.0,,,,3,5,15,2.05,2,0.0,0.0,1,1
Kosik-Koziol et al. 2019,10.1088/1758-5090/ab15cb,4.0,0.0,0.0,0.0,0.0,6.0,0.0,0.0,0,0.0,0.0,0,0.0,0,0.0,0,0,0,0.5,0,0,0.0,0,0,0,0.0,0.0,0,190.0,0.0,0,0,0.0,0,0,0.0,0.0,0.0,0,0,0.0,0,0.0,0,0,0,0,0,0,0,0,0,0.0,0.0,0.0,0,0,0.0,0.0,0.0,10000000.0,0.0,30,,,8.5e-05,3.9,250.0,,,,3,3,9,10.5,4,0.5,0.047619047619047616,1,1
Kosik-Koziol et al. 2019,10.1088/1758-5090/ab15cb,4.0,0.0,0.0,0.0,0.0,6.0,0.0,0.0,0,0.0,0.0,0,0.0,0,0.0,0,0,0,0.5,0,0,0.0,0,0,0,0.0,0.0,0,190.0,0.0,0,0,0.0,0,0,0.0,0.0,0.0,0,0,0.0,0,0.0,0,0,0,0,0,0,0,0,0,0.0,0.0,0.0,0,0,0.0,0.0,0.0,10000000.0,0.0,30,,,8.5e-05,3.9,250.0,,,,3,5,15,10.5,4,0.5,0.047619047619047616,1,1
Kosik-Koziol et al. 2019,10.1088/1758-5090/ab15cb,4.0,0.0,0.0,0.0,0.0,6.0,0.0,0.0,0,0.0,0.0,0,0.0,0,0.0,0,0,0,1.0,0,0,0.0,0,0,0,0.0,0.0,0,190.0,0.0,0,0,0.0,0,0,0.0,0.0,0.0,0,0,0.0,0,0.0,0,0,0,0,0,0,0,0,0,0.0,0.0,0.0,0,0,0.0,0.0,0.0,0.0,0.0,30,,,8.5e-05,3.9,250.0,,,,2,1,2,11.0,4,1.0,0.09090909090909091,1,0
Kosik-Koziol et al. 2019,10.1088/1758-5090/ab15cb,4.0,0.0,0.0,0.0,0.0,6.0,0.0,0.0,0,0.0,0.0,0,0.0,0,0.0,0,0,0,2.0,0,0,0.0,0,0,0,0.0,0.0,0,190.0,0.0,0,0,0.0,0,0,0.0,0.0,0.0,0,0,0.0,0,0.0,0,0,0,0,0,0,0,0,0,0.0,0.0,0.0,0,0,0.0,0.0,0.0,0.0,0.0,30,,,8.5e-05,3.9,250.0,,,,2,1,2,12.0,4,2.0,0.16666666666666666,1,0
Kosik-Koziol et al. 2019,10.1088/1758-5090/ab15cb,4.0,0.0,0.0,0.0,0.0,6.0,0.0,0.0,0,0.0,0.0,0,0.0,0,0.0,0,0,0,3.0,0,0,0.0,0,0,0,0.0,0.0,0,190.0,0.0,0,0,0.0,0,0,0.0,0.0,0.0,0,0,0.0,0,0.0,0,0,0,0,0,0,0,0,0,0.0,0.0,0.0,0,0,0.0,0.0,0.0,0.0,0.0,30,,,8.5e-05,3.9,250.0,,,,2,1,2,13.0,4,3.0,0.23076923076923078,1,0
Akkineni et al. 2016,10.1088/1758-5090/8/4/045001,16.7,0.0,0.0,0.0,0.0,0.0,0.0,0.0,0,0.0,0.0,0,0.0,0,0.6,0,0,0,0.0,0,0,0.0,0,0,0,0.0,0.0,0,1000.0,0.0,0,0,0.0,1,6,0.0,0.0,0.0,0,0,0.0,0,0.0,0,0,0,0,0,0,0,0,0,0.0,0.0,0.0,0,0,0.0,0.0,0.0,0.0,3600.0,0,30.0,,,,200.0,,,22.0,3,1,3,18.3,5,0.0,0.0,1,0
Akkineni et al. 2016,10.1088/1758-5090/8/4/045001,16.7,0.0,0.0,0.0,0.0,0.0,0.0,0.0,0,0.0,0.0,0,0.0,0,0.0,1,0,0,0.0,0,0,0.0,0,0,0,0.0,0.0,0,1000.0,0.0,0,0,0.0,0,6,0.0,0.0,0.0,0,0,0.0,0,0.0,0,0,0,0,0,0,0,0,0,0.0,0.0,0.0,0,0,0.0,0.0,0.0,0.0,3600.0,0,10.0,,,,200.0,,,22.0,3,1,3,17.7,4,0.0,0.0,1,0
Akkineni et al. 2016,10.1088/1758-5090/8/4/045001,16.7,0.0,0.0,0.0,0.0,0.0,0.0,0.0,0,0.0,0.0,0,0.0,0,0.0,1,0,0,0.0,0,0,0.0,0,0,0,0.0,0.0,0,1000.0,0.0,0,0,0.0,0,6,0.0,0.0,0.0,0,0,0.0,0,0.0,0,0,0,0,0,0,0,0,0,0.0,0.0,0.0,0,0,0.0,0.0,0.0,0.0,3600.0,0,10.0,,,,200.0,,,22.0,3,1,3,17.7,4,0.0,0.0,1,0
Bendtsen et al. 2017,10.1002/jbm.a.36036,2.0,2.5,0.4,0.12,0.0,0.0,0.0,0.0,0,0.0,0.0,0,0.0,0,0.0,0,0,0,0.0,0,0,0.0,0,0,0,0.0,0.0,0,0.9,0.0,0,0,0.0,0,0,0.0,0.0,0.0,0,0,0.0,0,0.0,0,0,0,0,0,0,0,0,0,0.0,0.0,0.0,0,0,0.0,0.0,0.0,0.0,3600.0,0,,,,,430.0,,25.0,25.0,1,1,1,5.0200000000000005,5,0.0,0.0,1,0
Bendtsen et al. 2017,10.1002/jbm.a.36036,2.0,2.5,0.2,0.12,0.0,0.0,0.0,0.0,0,0.0,0.0,0,0.0,0,0.0,0,0,0,0.0,0,0,0.0,0,0,0,0.0,0.0,0,0.9,0.0,0,0,0.0,0,0,0.0,0.0,0.0,0,0,0.0,0,0.0,0,0,0,0,0,0,0,0,0,0.0,0.0,0.0,0,0,0.0,0.0,0.0,0.0,3600.0,0,,,,,430.0,,25.0,25.0,1,1,1,4.82,5,0.0,0.0,1,0
Bendtsen et al. 2017,10.1002/jbm.a.36036,2.5,2.5,0.2,0.15,0.0,0.0,0.0,0.0,0,0.0,0.0,0,0.0,0,0.0,0,0,0,0.0,0,0,0.0,0,0,0,0.0,0.0,0,0.9,0.0,0,0,0.0,0,0,0.0,0.0,0.0,0,0,0.0,0,0.0,0,0,0,0,0,0,0,0,0,0.0,0.0,0.0,0,0,0.0,0.0,0.0,0.0,3600.0,0,,,,,430.0,,25.0,25.0,3,1,3,5.3500000000000005,5,0.0,0.0,1,0
Bendtsen et al. 2017,10.1002/jbm.a.36036,2.5,2.5,0.2,0.15,0.0,0.0,0.0,0.0,0,0.0,0.0,0,0.0,0,0.0,0,0,0,0.0,0,0,0.0,0,0,0,0.0,0.0,0,0.9,0.72,0,0,0.0,0,0,0.0,0.0,0.0,0,0,0.0,0,0.0,0,0,0,0,0,0,0,0,0,0.0,0.0,0.0,0,0,0.0,0.0,0.0,0.0,3600.0,0,,,,,430.0,,25.0,25.0,3,1,3,5.3500000000000005,6,0.0,0.0,1,0
Bendtsen et al. 2017,10.1002/jbm.a.36036,2.5,2.5,0.2,0.15,0.0,0.0,0.0,0.0,0,0.0,0.0,0,0.0,0,0.0,0,0,0,0.0,0,0,0.0,0,0,0,0.0,0.0,0,0.9,0.72,0,0,0.0,0,0,0.0,0.0,0.0,0,0,0.0,0,0.0,0,0,0,0,0,0,0,0,0,0.0,0.0,0.0,0,0,0.0,0.0,0.0,250000.0,3600.0,0,,,,,430.0,,25.0,25.0,3,3,9,5.3500000000000005,6,0.0,0.0,1,1
Bendtsen et al. 2017,10.1002/jbm.a.36036,2.5,2.5,0.2,0.15,0.0,0.0,0.0,0.0,0,0.0,0.0,0,0.0,0,0.0,0,0,0,0.0,0,0,0.0,0,0,0,0.0,0.0,0,0.9,0.72,0,0,0.0,0,0,0.0,0.0,0.0,0,0,0.0,0,0.0,0,0,0,0,0,0,0,0,0,0.0,0.0,0.0,0,0,0.0,0.0,0.0,250000.0,3600.0,0,,,,,430.0,,25.0,25.0,3,5,15,5.3500000000000005,6,0.0,0.0,1,1
Dai et al. 2016,10.1088/1758-5090/8/4/045005,1.0,0.0,0.0,0.0,10.0,0.0,0.0,0.0,0,0.0,0.0,0,1.0,0,0.0,0,0,0,0.0,0,0,0.0,0,0,0,0.0,0.0,0,0.0,0.0,0,0,0.0,0,0,1.0,0.0,0.0,0,0,0.0,0,0.0,0,0,0,0,0,0,0,0,0,0.0,0.0,0.0,0,0,0.0,0.0,0.0,5000000.0,0.0,0,,,,,260.0,,25.0,4.0,3,3,9,13.0,4,0.0,0.0,1,1
Dai et al. 2016,10.1088/1758-5090/8/4/045005,1.0,0.0,0.0,0.0,10.0,0.0,0.0,0.0,0,0.0,0.0,0,1.0,0,0.0,0,0,0,0.0,0,0,0.0,0,0,0,0.0,0.0,0,0.0,0.0,0,0,0.0,0,0,1.0,0.0,0.0,0,0,0.0,0,0.0,0,0,0,0,0,0,0,0,0,0.0,0.0,0.0,0,0,0.0,0.0,0.0,5000000.0,0.0,0,,,,,260.0,,25.0,4.0,3,5,15,13.0,4,0.0,0.0,1,1
Dai et al. 2016,10.1088/1758-5090/8/4/045005,1.0,0.0,0.0,0.0,10.0,0.0,0.0,0.0,0,0.0,0.0,0,1.0,0,0.0,0,0,0,0.0,0,0,0.0,0,0,0,0.0,0.0,0,0.0,0.0,0,0,0.0,0,0,1.0,0.0,0.0,0,0,0.0,0,0.0,0,0,0,0,0,0,0,0,0,0.0,0.0,0.0,0,0,0.0,0.0,0.0,5000000.0,0.0,0,,,,,260.0,,25.0,4.0,3,3,9,13.0,4,0.0,0.0,1,1
Dai et al. 2016,10.1088/1758-5090/8/4/045005,4.0,0.0,0.0,0.0,20.0,0.0,0.0,0.0,0,0.0,0.0,0,4.0,0,0.0,0,0,0,0.0,0,0,0.0,0,0,0,0.0,0.0,0,0.0,0.0,0,0,0.0,0,0,1.0,0.0,0.0,0,0,0.0,0,0.0,0,0,0,0,0,0,0,0,0,0.0,0.0,0.0,0,0,0.0,0.0,0.0,0.0,0.0,0,,,,,260.0,4.0,25.0,4.0,3,1,3,29.0,4,0.0,0.0,1,0
Dai et al. 2016,10.1088/1758-5090/8/4/045005,4.0,0.0,0.0,0.0,20.0,0.0,0.0,0.0,0,0.0,0.0,0,4.0,0,0.0,0,0,0,0.0,0,0,0.0,0,0,0,0.0,0.0,0,0.0,0.0,0,0,0.0,0,0,1.5,0.0,0.0,0,0,0.0,0,0.0,0,0,0,0,0,0,0,0,0,0.0,0.0,0.0,0,0,0.0,0.0,0.0,5000000.0,0.0,0,,,,,260.0,4.0,25.0,4.0,3,3,9,29.5,4,0.0,0.0,1,1
Dai et al. 2016,10.1088/1758-5090/8/4/045005,4.0,0.0,0.0,0.0,20.0,0.0,0.0,0.0,0,0.0,0.0,0,4.0,0,0.0,0,0,0,0.0,0,0,0.0,0,0,0,0.0,0.0,0,0.0,0.0,0,0,0.0,0,0,3.0,0.0,0.0,0,0,0.0,0,0.0,0,0,0,0,0,0,0,0,0,0.0,0.0,0.0,0,0,0.0,0.0,0.0,5000000.0,0.0,0,,,,,260.0,4.0,25.0,4.0,3,3,9,31.0,4,0.0,0.0,1,1
Dai et al. 2016,10.1088/1758-5090/8/4/045005,4.0,0.0,0.0,0.0,20.0,0.0,0.0,0.0,0,0.0,0.0,0,4.0,0,0.0,0,0,0,0.0,0,0,0.0,0,0,0,0.0,0.0,0,0.0,0.0,0,0,0.0,0,0,6.0,0.0,0.0,0,0,0.0,0,0.0,0,0,0,0,0,0,0,0,0,0.0,0.0,0.0,0,0,0.0,0.0,0.0,5000000.0,0.0,0,,,,,260.0,4.0,25.0,4.0,3,3,9,34.0,4,0.0,0.0,1,1
Dai et al. 2016,10.1088/1758-5090/8/4/045005,4.0,0.0,0.0,0.0,20.0,0.0,0.0,0.0,0,0.0,0.0,0,4.0,0,0.0,0,0,0,0.0,0,0,0.0,0,0,0,0.0,0.0,0,135.0,0.0,0,0,0.0,0,0,0.0,0.0,0.0,0,0,0.0,0,0.0,0,0,0,0,0,0,0,0,0,0.0,0.0,0.0,0,0,0.0,0.0,0.0,5000000.0,0.0,0,,,,,260.0,4.0,25.0,4.0,2,2,4,28.0,4,0.0,0.0,1,1
Dai et al. 2016,10.1088/1758-5090/8/4/045005,4.0,0.0,0.0,0.0,20.0,0.0,0.0,0.0,0,0.0,0.0,0,4.0,0,0.0,0,0,0,0.0,0,0,0.0,0,0,0,0.0,0.0,0,270.0,0.0,0,0,0.0,0,0,0.0,0.0,0.0,0,0,0.0,0,0.0,0,0,0,0,0,0,0,0,0,0.0,0.0,0.0,0,0,0.0,0.0,0.0,5000000.0,0.0,0,,,,,260.0,4.0,25.0,4.0,2,2,4,28.0,4,0.0,0.0,1,1
Dai et al. 2016,10.1088/1758-5090/8/4/045005,4.0,0.0,0.0,0.0,20.0,0.0,0.0,0.0,0,0.0,0.0,0,4.0,0,0.0,0,0,0,0.0,0,0,0.0,0,0,0,0.0,0.0,0,540.0,0.0,0,0,0.0,0,0,0.0,0.0,0.0,0,0,0.0,0,0.0,0,0,0,0,0,0,0,0,0,0.0,0.0,0.0,0,0,0.0,0.0,0.0,5000000.0,0.0,0,,,,,260.0,4.0,25.0,4.0,2,2,4,28.0,4,0.0,0.0,1,1
Izadifar et al. 2016,10.1089/ten.tec.2015.0307,0.0,0.0,0.0,0.0,0.0,0.0,0.0,0.0,0,0.0,0.0,0,0.0,0,0.0,0,0,0,0.0,0,0,0.0,0,0,0,0.0,0.0,0,0.0,0.0,0,0,0.0,0,0,0.0,0.0,0.0,0,0,0.0,0,0.0,0,0,0,0,0,100,0,0,0,0.0,0.0,0.0,0,0,0.0,0.0,0.0,0.0,1200.0,0,800.0,,,1.0,300.0,,60.0,22.0,2,1,2,100.0,1,0.0,0.0,1,0
Izadifar et al. 2016,10.1089/ten.tec.2015.0307,0.0,0.0,0.0,0.0,0.0,0.0,0.0,0.0,0,0.0,0.0,0,0.0,0,0.0,0,0,0,0.0,0,0,0.0,0,0,0,0.0,0.0,0,0.0,0.0,0,0,0.0,0,0,0.0,0.0,0.0,0,0,0.0,0,0.0,0,0,0,0,0,100,0,0,0,0.0,0.0,0.0,0,0,0.0,0.0,0.0,0.0,1200.0,0,800.0,,,1.0,300.0,,70.0,22.0,2,1,2,100.0,1,0.0,0.0,1,0
Izadifar et al. 2016,10.1089/ten.tec.2015.0307,0.0,0.0,0.0,0.0,0.0,0.0,0.0,0.0,0,0.0,0.0,0,0.0,0,0.0,0,0,0,0.0,0,0,0.0,0,0,0,0.0,0.0,0,0.0,0.0,0,0,0.0,0,0,0.0,0.0,0.0,0,0,0.0,0,0.0,0,0,0,0,0,100,0,0,0,0.0,0.0,0.0,0,0,0.0,0.0,0.0,0.0,1200.0,0,800.0,,,1.0,300.0,,75.0,22.0,3,1,3,100.0,1,0.0,0.0,1,0
Izadifar et al. 2016,10.1089/ten.tec.2015.0307,0.0,0.0,0.0,0.0,0.0,0.0,0.0,0.0,0,0.0,0.0,0,0.0,0,0.0,0,0,0,0.0,0,0,0.0,0,0,0,0.0,0.0,0,0.0,0.0,0,0,0.0,0,0,0.0,0.0,0.0,0,0,0.0,0,0.0,0,0,0,0,0,100,0,0,0,0.0,0.0,0.0,0,0,0.0,0.0,0.0,0.0,1200.0,0,800.0,,,1.0,300.0,,80.0,22.0,2,1,2,100.0,1,0.0,0.0,1,0
Kundu et al. 2013,10.1002/term.1682,0.0,0.0,0.0,0.0,0.0,0.0,0.0,0.0,0,0.0,0.0,0,0.0,0,0.0,0,0,0,0.0,0,0,0.0,0,0,0,0.0,0.0,0,0.0,0.0,0,0,0.0,0,0,0.0,0.0,0.0,0,0,0.0,0,0.0,0,0,0,0,0,100,0,0,0,0.0,0.0,0.0,0,0,0.0,0.0,0.0,0.0,0.0,0,650.0,,,1.37,250.0,,80.0,22.0,3,1,3,100.0,1,0.0,0.0,1,0
Yao et al. 2019,10.1088/1758-5090/ab38ef,1.0,0.0,0.0,0.0,3.0,0.0,0.0,0.0,0,0.0,0.0,0,0.0,0,0.01,0,0,0,0.0,0,0,0.0,0,0,0,0.0,0.0,0,18.0,0.0,0,0,0.0,0,0,0.0,0.0,0.0,0,0,0.0,0,0.0,0,0,0,0,0,0,0,0,0,0.0,0.0,0.0,0,0,0.0,0.0,0.0,10000000.0,600.0,0,,,,,260.0,,15.0,4.0,3,3,9,4.01,4,0.0,0.0,1,1
Yao et al. 2019,10.1088/1758-5090/ab38ef,1.0,0.0,0.0,0.0,3.0,0.0,0.0,0.0,0,0.0,0.0,0,0.0,0,0.01,0,0,0,0.0,0,0,0.0,0,0,0,0.0,0.0,0,18.0,0.0,0,0,0.0,0,0,0.0,0.0,0.0,0,0,0.0,0,0.0,0,0,0,0,0,0,0,0,0,0.0,0.0,0.0,0,0,0.0,0.0,0.0,10000000.0,600.0,0,,,,,260.0,,15.0,4.0,3,5,15,4.01,4,0.0,0.0,1,1
Yao et al. 2019,10.1088/1758-5090/ab38ef,1.0,0.0,0.0,0.0,3.0,0.0,0.0,0.0,0,0.0,0.0,0,0.0,0,0.01,0,0,0,0.0,0,0,0.0,0,0,0,0.0,0.0,0,18.0,0.0,0,0,0.0,0,0,0.0,0.5,0.0,0,0,0.0,0,0.0,0,0,0,0,0,0,0,0,0,0.0,0.0,0.0,0,0,0.0,0.0,0.0,10000000.0,600.0,0,,,,,260.0,,15.0,4.0,3,3,9,4.01,5,0.0,0.0,1,1
Yao et al. 2019,10.1088/1758-5090/ab38ef,1.0,0.0,0.0,0.0,3.0,0.0,0.0,0.0,0,0.0,0.0,0,0.0,0,0.01,0,0,0,0.0,0,0,0.0,0,0,0,0.0,0.0,0,18.0,0.0,0,0,0.0,0,0,0.0,0.5,0.0,0,0,0.0,0,0.0,0,0,0,0,0,0,0,0,0,0.0,0.0,0.0,0,0,0.0,0.0,0.0,10000000.0,600.0,0,,,,,260.0,,15.0,4.0,3,5,15,4.01,5,0.0,0.0,1,1
Yao et al. 2019,10.1088/1758-5090/ab38ef,1.0,0.0,0.0,0.0,3.0,0.0,0.0,0.0,0,0.0,0.0,0,0.0,0,0.01,0,0,0,0.0,0,0,0.0,0,0,0,0.0,0.0,0,18.0,0.0,0,0,0.0,0,0,0.0,5.0,0.0,0,0,0.0,0,0.0,0,0,0,0,0,0,0,0,0,0.0,0.0,0.0,0,0,0.0,0.0,0.0,10000000.0,600.0,0,,,,,260.0,,15.0,4.0,3,3,9,4.01,5,0.0,0.0,1,1
Yao et al. 2019,10.1088/1758-5090/ab38ef,1.0,0.0,0.0,0.0,3.0,0.0,0.0,0.0,0,0.0,0.0,0,0.0,0,0.01,0,0,0,0.0,0,0,0.0,0,0,0,0.0,0.0,0,18.0,0.0,0,0,0.0,0,0,0.0,5.0,0.0,0,0,0.0,0,0.0,0,0,0,0,0,0,0,0,0,0.0,0.0,0.0,0,0,0.0,0.0,0.0,10000000.0,600.0,0,,,,,260.0,,15.0,4.0,3,5,15,4.01,5,0.0,0.0,1,1
Yao et al. 2019,10.1088/1758-5090/ab38ef,1.0,0.0,0.0,0.0,3.0,0.0,0.0,0.0,0,0.0,0.0,0,0.0,0,0.01,0,0,0,0.0,0,0,0.0,0,0,0,0.0,0.0,0,18.0,0.0,0,0,0.0,0,0,0.0,50.0,0.0,0,0,0.0,0,0.0,0,0,0,0,0,0,0,0,0,0.0,0.0,0.0,0,0,0.0,0.0,0.0,10000000.0,600.0,0,,,,,260.0,,15.0,4.0,1,2,2,4.01,5,0.0,0.0,1,1
Yao et al. 2019,10.1088/1758-5090/ab38ef,1.0,0.0,0.0,0.0,3.0,0.0,0.0,0.0,0,0.0,0.0,0,0.0,0,0.01,0,0,0,0.0,0,0,0.0,0,0,0,0.0,0.0,0,18.0,0.0,0,0,0.0,0,0,0.0,20.0,0.0,0,0,0.0,0,0.0,0,0,0,0,0,0,0,0,0,0.0,0.0,0.0,0,0,0.0,0.0,0.0,10000000.0,600.0,0,,,,,260.0,,15.0,4.0,1,2,2,4.01,5,0.0,0.0,1,1
Yao et al. 2019,10.1088/1758-5090/ab38ef,1.0,0.0,0.0,0.0,3.0,0.0,0.0,0.0,0,0.0,0.0,0,0.0,0,0.01,0,0,0,0.0,0,0,0.0,0,0,0,0.0,0.0,0,18.0,0.0,0,0,0.0,0,0,0.0,500.0,0.0,0,0,0.0,0,0.0,0,0,0,0,0,0,0,0,0,0.0,0.0,0.0,0,0,0.0,0.0,0.0,10000000.0,600.0,0,,,,,260.0,,15.0,4.0,1,2,2,4.01,5,0.0,0.0,1,1
Zhao et al. 2014,10.1088/1758-5082/6/3/035001,1.0,0.0,0.0,0.0,10.0,0.0,0.0,0.0,0,0.0,0.0,0,2.0,0,0.0,0,0,0,0.0,0,0,0.0,0,0,0,0.0,0.0,0,27.0,0.0,0,0,0.0,0,0,0.0,0.0,0.0,0,0,0.0,0,0.0,0,0,0,0,0,0,0,0,0,0.0,0.0,0.0,0,0,0.0,0.0,0.0,1000000.0,900.0,0,,,0.00017,,250.0,,25.0,10.0,3,3,9,13.0,4,0.0,0.0,1,1
Zhao et al. 2014,10.1088/1758-5082/6/3/035001,1.0,0.0,0.0,0.0,10.0,0.0,0.0,0.0,0,0.0,0.0,0,2.0,0,0.0,0,0,0,0.0,0,0,0.0,0,0,0,0.0,0.0,0,27.0,0.0,0,0,0.0,0,0,0.0,0.0,0.0,0,0,0.0,0,0.0,0,0,0,0,0,0,0,0,0,0.0,0.0,0.0,0,0,0.0,0.0,0.0,1000000.0,900.0,0,,,0.00017,,250.0,10.0,20.0,10.0,3,3,9,13.0,4,0.0,0.0,1,1
Zhao et al. 2014,10.1088/1758-5082/6/3/035001,1.0,0.0,0.0,0.0,10.0,0.0,0.0,0.0,0,0.0,0.0,0,2.0,0,0.0,0,0,0,0.0,0,0,0.0,0,0,0,0.0,0.0,0,27.0,0.0,0,0,0.0,0,0,0.0,0.0,0.0,0,0,0.0,0,0.0,0,0,0,0,0,0,0,0,0,0.0,0.0,0.0,0,0,0.0,0.0,0.0,1000000.0,900.0,0,,,0.00017,,250.0,10.0,15.0,10.0,3,3,9,13.0,4,0.0,0.0,1,1
Zhao et al. 2014,10.1088/1758-5082/6/3/035001,1.0,0.0,0.0,0.0,10.0,0.0,0.0,0.0,0,0.0,0.0,0,2.0,0,0.0,0,0,0,0.0,0,0,0.0,0,0,0,0.0,0.0,0,27.0,0.0,0,0,0.0,0,0,0.0,0.0,0.0,0,0,0.0,0,0.0,0,0,0,0,0,0,0,0,0,0.0,0.0,0.0,0,0,0.0,0.0,0.0,1000000.0,900.0,0,,,0.00017,,250.0,10.0,10.0,10.0,3,2,6,13.0,4,0.0,0.0,1,1
Zhao et al. 2014,10.1088/1758-5082/6/3/035001,1.0,0.0,0.0,0.0,10.0,0.0,0.0,0.0,0,0.0,0.0,0,2.0,0,0.0,0,0,0,0.0,0,0,0.0,0,0,0,0.0,0.0,0,27.0,0.0,0,0,0.0,0,0,0.0,0.0,0.0,0,0,0.0,0,0.0,0,0,0,0,0,0,0,0,0,0.0,0.0,0.0,0,0,0.0,0.0,0.0,1000000.0,900.0,0,,,0.00017,,250.0,10.0,25.0,10.0,3,5,15,13.0,4,0.0,0.0,1,1
Fisch et al. 2021,10.1088/1758-5090/abc39b,2.0,0.0,0.0,0.0,0.0,0.0,0.0,0.0,5,0.0,0.0,0,0.0,0,0.0,0,0,0,0.0,3,0,0.0,0,0,0,0.0,0.0,0,20.0,0.0,0,0,0.0,0,0,0.0,0.0,0.0,0,0,0.0,0,0.0,0,0,0,0,0,0,0,0,0,0.0,0.0,0.0,0,0,0.0,0.0,0.0,0.0,0.0,0,26.0,13.33,0.00224,13.33,410.0,,22.0,22.0,3,1,3,10.0,4,5.0,0.5,1,0
Fisch et al. 2021,10.1088/1758-5090/abc39b,2.0,0.0,0.0,0.0,0.0,0.0,0.0,0.0,5,0.0,0.0,0,0.0,0,0.0,0,0,0,0.0,3,0,0.0,0,0,0,0.0,0.0,0,20.0,0.0,0,0,0.0,0,0,0.0,0.0,0.0,0,0,0.0,0,0.0,0,0,0,0,0,0,0,0,0,0.0,0.0,0.0,0,0,0.0,0.0,0.0,0.0,0.0,0,26.0,16.67,0.00224,13.33,410.0,,22.0,22.0,3,1,3,10.0,4,5.0,0.5,1,0
Fisch et al. 2021,10.1088/1758-5090/abc39b,2.0,0.0,0.0,0.0,0.0,0.0,0.0,0.0,5,0.0,0.0,0,0.0,0,0.0,0,0,0,0.0,3,0,0.0,0,0,0,0.0,0.0,0,20.0,0.0,0,0,0.0,0,0,0.0,0.0,0.0,0,0,0.0,0,0.0,0,0,0,0,0,0,0,0,0,0.0,0.0,0.0,0,0,0.0,0.0,0.0,0.0,0.0,0,26.0,13.33,0.00224,13.33,840.0,,22.0,22.0,3,1,3,10.0,4,5.0,0.5,1,0
Kharel et al. 2019,10.1115/1.4043960,2.0,0.0,0.0,0.0,3.0,0.0,0.0,0.0,0,0.0,0.0,0,0.25,0,0.0,0,0,0,0.0,0,0,0.0,0,0,0,0.0,0.0,0,500.0,0.0,0,0,0.0,0,0,0.0,0.0,0.0,0,0,0.0,0,0.0,0,0,0,0,0,0,0,0,100,0.0,0.0,0.0,0,0,0.0,0.0,0.0,6700000.0,600.0,0,,5.0,,4.0,600.0,,22.0,22.0,3,3,9,105.25,5,0.0,0.0,1,1
Kharel et al. 2019,10.1115/1.4043960,2.0,0.0,0.0,0.0,3.0,0.0,0.0,0.0,0,0.0,0.0,0,0.25,0,0.0,0,0,0,0.0,0,0,0.0,0,0,0,0.0,0.0,0,500.0,0.0,0,0,0.0,0,0,0.0,0.0,0.0,0,0,0.0,0,0.0,0,0,0,0,0,0,0,0,100,0.0,0.0,0.0,0,0,0.0,0.0,0.0,6700000.0,600.0,0,,5.0,,4.0,600.0,,22.0,22.0,3,5,15,105.25,5,0.0,0.0,1,1
Kharel et al. 2019,10.1115/1.4043960,2.0,0.0,0.0,0.0,3.0,0.0,0.0,0.0,0,0.0,0.0,0,0.25,0,0.0,0,0,0,0.0,0,0,0.0,0,0,0,0.0,0.0,0,500.0,0.0,0,0,0.0,0,0,0.0,0.0,0.0,0,0,0.0,0,0.0,0,0,0,0,0,0,0,0,100,0.0,0.0,0.0,0,0,0.0,0.0,0.0,0.0,600.0,0,,5.0,,4.0,600.0,,22.0,22.0,3,1,3,105.25,5,0.0,0.0,1,0
Mistry et al. 2018,10.1002/mabi.201600472,0.0,0.0,0.0,0.0,0.0,5.0,0.13,0.0,0,0.0,0.0,0,0.0,0,0.0,0,0,0,0.0,0,0,0.0,0,0,0,0.0,0.0,0,0.0,0.0,0,0,0.0,0,0,0.0,0.0,0.0,0,0,0.0,0,0.0,0,0,0,0,0,0,0,0,0,0.0,0.0,0.0,0,0,0.0,0.0,0.0,4000000.0,0.0,60,,,0.000167,,0.0,,5.0,22.0,3,3,9,5.13,2,0.0,0.0,1,1
Mistry et al. 2018,10.1002/mabi.201600472,0.0,0.0,0.0,0.0,0.0,5.0,0.13,0.0,0,0.0,0.0,0,0.0,0,0.0,0,0,0,0.0,0,0,0.0,0,0,0,0.0,0.0,0,0.0,0.0,0,0,0.0,0,0,0.0,0.0,0.0,0,0,0.0,0,0.0,0,0,0,0,0,0,0,0,0,0.0,0.0,0.0,0,0,0.0,0.0,0.0,4000000.0,0.0,60,,,0.000167,,0.0,,5.0,22.0,3,5,15,5.13,2,0.0,0.0,1,1
Mistry et al. 2018,10.1002/mabi.201600472,0.0,0.0,0.0,0.0,0.0,0.0,0.0,0.0,0,0.0,0.0,0,0.0,0,0.3,0,0,0,0.0,0,0,0.0,0,0,0,0.0,0.0,0,0.0,0.0,0,0,0.0,0,0,0.0,0.0,0.0,0,0,0.0,0,0.0,0,0,0,0,0,0,0,0,0,0.0,0.0,0.0,0,0,0.0,0.0,0.0,4000000.0,0.0,0,,,0.000167,,0.0,,5.0,22.0,3,3,9,0.3,1,0.0,0.0,1,1
Mistry et al. 2018,10.1002/mabi.201600472,0.0,0.0,0.0,0.0,0.0,0.0,0.0,0.0,0,0.0,0.0,0,0.0,0,0.3,0,0,0,0.0,0,0,0.0,0,0,0,0.0,0.0,0,0.0,0.0,0,0,0.0,0,0,0.0,0.0,0.0,0,0,0.0,0,0.0,0,0,0,0,0,0,0,0,0,0.0,0.0,0.0,0,0,0.0,0.0,0.0,4000000.0,0.0,0,,,0.000167,,0.0,,5.0,22.0,3,5,15,0.3,1,0.0,0.0,1,1
Mistry et al. 2018,10.1002/mabi.201600472,2.0,0.0,0.0,0.0,0.0,0.0,0.13,0.0,0,0.0,0.0,0,0.0,0,0.0,0,0,0,0.0,0,0,0.0,0,0,9,0.0,0.0,0,17.0,0.0,0,0,0.0,0,0,0.0,0.0,0.0,0,0,0.0,0,0.0,0,0,0,0,0,0,0,0,0,0.0,0.0,0.0,0,0,0.0,0.0,0.0,0.0,0.0,60,,,0.00167,,840.0,,5.0,22.0,3,1,3,11.129999999999999,4,0.0,0.0,1,0
Ojansivu et al. 2019,10.1088/1758-5090/ab0692,4.0,0.0,0.0,0.0,5.0,0.0,0.0,0.0,0,0.0,0.0,0,0.0,0,0.0,0,0,0,0.0,0,1,0.0,0,0,0,0.0,0.0,0,100.0,0.0,0,0,0.0,0,0,0.0,0.0,0.0,0,0,0.0,0,0.0,0,0,0,0,0,0,0,0,0,0.0,0.0,0.0,0,0,0.0,0.0,0.0,5000000.0,600.0,0,245.0,,,20.0,510.0,4.0,26.0,,3,2,6,10.0,4,1.0,0.1,1,1
Ojansivu et al. 2019,10.1088/1758-5090/ab0692,4.0,0.0,0.0,0.0,5.0,0.0,0.0,0.0,0,0.0,0.0,0,0.0,0,0.0,0,0,0,0.0,0,1,0.0,0,0,0,0.0,0.0,0,100.0,0.0,0,0,0.0,0,0,0.0,0.0,0.0,0,0,0.0,0,0.0,0,0,0,0,0,0,0,0,0,0.0,0.0,0.0,0,0,0.0,0.0,0.0,5000000.0,600.0,0,245.0,,,20.0,510.0,4.0,26.0,,3,4,12,10.0,4,1.0,0.1,1,1
Ojansivu et al. 2019,10.1088/1758-5090/ab0692,4.0,0.0,0.0,0.0,5.0,0.0,0.0,0.0,0,0.0,0.0,0,0.0,0,0.0,0,0,0,0.0,0,1,0.0,0,0,0,0.0,0.0,0,100.0,0.0,0,0,0.0,0,0,0.0,0.0,0.0,0,0,0.0,0,0.0,0,0,0,0,0,0,0,0,0,0.0,0.0,0.0,0,0,0.0,0.0,0.0,0.0,600.0,0,255.0,,,21.0,510.0,4.0,26.0,,3,1,3,10.0,4,1.0,0.1,1,0
Ojansivu et al. 2019,10.1088/1758-5090/ab0692,4.0,0.0,0.0,0.0,5.0,0.0,0.0,0.0,0,0.0,0.0,0,0.0,0,0.0,0,0,0,0.0,0,1,0.25,0,0,0,0.0,0.0,0,100.0,0.0,0,0,0.0,0,0,0.0,0.0,0.0,0,0,0.0,0,0.0,0,0,0,0,0,0,0,0,0,0.0,0.0,0.0,0,0,0.0,0.0,0.0,5000000.0,600.0,0,260.0,,,56.0,510.0,4.0,26.0,,3,2,6,10.25,5,1.0,0.0975609756097561,1,1
Ojansivu et al. 2019,10.1088/1758-5090/ab0692,4.0,0.0,0.0,0.0,5.0,0.0,0.0,0.0,0,0.0,0.0,0,0.0,0,0.0,0,0,0,0.0,0,1,0.25,0,0,0,0.0,0.0,0,100.0,0.0,0,0,0.0,0,0,0.0,0.0,0.0,0,0,0.0,0,0.0,0,0,0,0,0,0,0,0,0,0.0,0.0,0.0,0,0,0.0,0.0,0.0,5000000.0,600.0,0,260.0,,,56.0,510.0,4.0,26.0,,3,4,12,10.25,5,1.0,0.0975609756097561,1,1
Ojansivu et al. 2019,10.1088/1758-5090/ab0692,4.0,0.0,0.0,0.0,5.0,0.0,0.0,0.0,0,0.0,0.0,0,0.0,0,0.0,0,0,0,0.0,0,1,0.25,0,0,0,0.0,0.0,0,100.0,0.0,0,0,0.0,0,0,0.0,0.0,0.0,0,0,0.0,0,0.0,0,0,0,0,0,0,0,0,0,0.0,0.0,0.0,0,0,0.0,0.0,0.0,0.0,600.0,0,260.0,,,57.0,510.0,4.0,26.0,,3,1,3,10.25,5,1.0,0.0975609756097561,1,0
Sakai et al. 2020,10.1016/j.mtbio.2020.100078,0.0,0.0,0.0,0.0,1.0,0.0,0.0,0.0,0,0.9,0.0,0,1.0,0,0.0,0,0,0,0.0,0,0,0.0,0,0,0,0.0,0.1,0,0.0,0.0,0,0,0.0,0,0,0.0,0.0,0.0,0,0,0.0,0,0.0,0,0,0,0,0,0,0,5,0,0.0,0.0,0.0,0,0,0.0,0.0,0.0,500000.0,0.0,0,,,,22.0,220.0,,22.0,22.0,3,3,9,3.0,5,0.0,0.0,1,1
Sakai et al. 2020,10.1016/j.mtbio.2020.100078,0.0,0.0,0.0,0.0,1.0,0.0,0.0,0.0,0,0.9,0.0,0,1.0,0,0.0,0,0,0,0.0,0,0,0.0,0,0,0,0.0,0.1,0,0.0,0.0,0,0,0.0,0,0,0.0,0.0,0.0,0,0,0.0,0,0.0,0,0,0,0,0,0,0,5,0,0.0,0.0,0.0,0,0,0.0,0.0,0.0,500000.0,0.0,0,,,,22.0,220.0,,22.0,22.0,3,5,15,3.0,5,0.0,0.0,1,1
Sakai et al. 2020,10.1016/j.mtbio.2020.100078,0.0,0.0,0.0,0.0,0.0,0.0,0.0,0.0,0,0.0,0.0,0,1.0,0,0.0,0,0,0,0.0,0,0,0.0,0,0,0,0.0,1.5,0,0.0,0.0,0,0,0.0,0,0,0.0,0.0,0.0,0,0,0.0,0,0.0,0,0,0,0,0,0,0,5,0,0.0,0.0,0.0,0,0,0.0,0.0,0.0,500000.0,0.0,0,,,,22.0,220.0,,22.0,22.0,3,3,9,2.5,3,0.0,0.0,1,1
Sakai et al. 2020,10.1016/j.mtbio.2020.100078,0.0,0.0,0.0,0.0,0.0,0.0,0.0,0.0,0,0.0,0.0,0,1.0,0,0.0,0,0,0,0.0,0,0,0.0,0,0,0,0.0,1.5,0,0.0,0.0,0,0,0.0,0,0,0.0,0.0,0.0,0,0,0.0,0,0.0,0,0,0,0,0,0,0,5,0,0.0,0.0,0.0,0,0,0.0,0.0,0.0,500000.0,0.0,0,,,,22.0,220.0,,22.0,22.0,3,5,15,2.5,3,0.0,0.0,1,1
Lee et al. 2022,10.1016/j.ceramint.2021.12.227,0.0,0.0,0.0,0.0,20.0,0.0,0.0,0.0,70,0.0,0.0,0,0.0,0,0.0,0,0,0,0.0,0,0,0.0,0,0,0,0.0,0.0,0,0.0,0.0,0,0,0.0,0,0,0.0,0.0,0.0,0,0,0.0,0,0.0,0,0,0,0,0,0,0,0,0,0.0,0.0,0.0,0,0,0.0,0.25,0.0,0.0,86400.0,0,500.0,10.0,,,510.0,,45.0,,0,1,0,90.25,3,70.0,0.775623268698061,1,0
Lee et al. 2022,10.1016/j.ceramint.2021.12.227,0.0,0.0,0.0,0.0,20.0,0.0,0.0,0.0,70,0.0,0.0,0,0.0,0,0.0,0,0,0,0.0,0,0,0.0,0,0,0,0.0,0.0,0,0.0,0.0,0,0,0.0,0,0,0.0,0.0,0.0,0,0,0.0,0,0.0,0,0,0,0,0,0,0,0,0,0.0,0.0,0.0,0,0,0.0,0.25,0.0,0.0,86400.0,0,500.0,10.0,,,510.0,,45.0,,0,1,0,90.25,3,70.0,0.775623268698061,1,0
Lee et al. 2022,10.1016/j.ceramint.2021.12.227,0.0,0.0,0.0,0.0,20.0,0.0,0.0,0.0,70,0.0,0.0,0,0.0,0,0.0,0,0,0,0.0,0,0,0.0,0,0,0,0.0,0.0,0,0.0,0.0,0,0,0.0,0,0,0.0,0.0,0.0,0,0,0.0,0,0.0,0,0,0,0,0,0,0,0,0,0.0,0.0,0.0,0,0,0.0,0.25,0.0,0.0,86400.0,0,500.0,10.0,,,510.0,,45.0,,0,1,0,90.25,3,70.0,0.775623268698061,1,0
Lee et al. 2022,10.1016/j.ceramint.2021.12.227,0.0,0.0,0.0,0.0,20.0,0.0,0.0,0.0,70,0.0,0.0,0,0.0,0,0.0,0,0,0,0.0,0,0,0.0,0,0,0,0.0,0.0,0,0.0,0.0,0,0,0.0,0,0,0.0,0.0,0.0,0,0,0.0,0,0.0,0,0,0,0,0,0,0,0,0,0.0,0.0,0.0,0,0,0.0,0.25,0.0,0.0,86400.0,0,500.0,10.0,,,510.0,,45.0,,1,1,1,90.25,3,70.0,0.775623268698061,1,0
Lee et al. 2022,10.1016/j.ceramint.2021.12.227,0.0,0.0,0.0,0.0,20.0,0.0,0.0,0.0,70,0.0,0.0,0,0.0,0,0.0,0,0,0,0.0,0,0,0.0,0,0,0,0.0,0.0,0,0.0,0.0,0,0,0.0,0,0,0.0,0.0,0.0,0,0,0.0,0,0.0,0,0,0,0,0,0,0,0,0,0.0,0.0,0.0,0,0,0.0,0.25,0.0,0.0,86400.0,0,500.0,10.0,,,510.0,,45.0,,3,1,3,90.25,3,70.0,0.775623268698061,1,0
Lee et al. 2022,10.1016/j.ceramint.2021.12.227,0.0,0.0,0.0,0.0,20.0,0.0,0.0,0.0,70,0.0,0.0,0,0.0,0,0.0,0,0,0,0.0,0,0,0.0,0,0,0,0.0,0.0,0,0.0,0.0,0,0,0.0,0,0,0.0,0.0,0.0,0,0,0.0,0,0.0,0,0,0,0,0,0,0,0,0,0.0,0.0,0.0,0,0,0.0,0.25,0.0,0.0,86400.0,0,500.0,10.0,,,510.0,,45.0,,2,1,2,90.25,3,70.0,0.775623268698061,1,0
Lee et al. 2022,10.1016/j.ceramint.2021.12.227,0.0,0.0,0.0,0.0,20.0,0.0,0.0,0.0,70,0.0,0.0,0,0.0,0,0.0,0,0,0,0.0,0,0,0.0,0,0,0,0.0,0.0,0,0.0,0.0,0,0,0.0,0,0,0.0,0.0,0.0,0,0,0.0,0,0.0,0,0,0,0,0,0,0,0,0,0.0,0.0,0.0,0,0,0.0,0.25,0.0,0.0,86400.0,0,500.0,10.0,,,510.0,,45.0,,2,1,2,90.25,3,70.0,0.775623268698061,1,0
Lee et al. 2022,10.1016/j.ceramint.2021.12.227,0.0,0.0,0.0,0.0,20.0,0.0,0.0,0.5,70,0.0,0.0,0,0.0,0,0.0,0,0,0,0.0,0,0,0.0,0,0,0,0.0,0.0,0,0.0,0.0,0,0,0.0,0,0,0.0,0.0,0.0,0,0,0.0,0,0.0,0,0,0,0,0,0,0,0,0,0.0,0.0,0.0,0,0,0.0,0.25,0.0,0.0,86400.0,0,500.0,10.0,,,510.0,,45.0,,0,1,0,90.75,4,70.0,0.7713498622589532,1,0
Lee et al. 2022,10.1016/j.ceramint.2021.12.227,0.0,0.0,0.0,0.0,20.0,0.0,0.0,0.5,70,0.0,0.0,0,0.0,0,0.0,0,0,0,0.0,0,0,0.0,0,0,0,0.0,0.0,0,0.0,0.0,0,0,0.0,0,0,0.0,0.0,0.0,0,0,0.0,0,0.0,0,0,0,0,0,0,0,0,0,0.0,0.0,0.0,0,0,0.0,0.25,0.0,0.0,86400.0,0,500.0,10.0,,,510.0,,45.0,,0,1,0,90.75,4,70.0,0.7713498622589532,1,0
Lee et al. 2022,10.1016/j.ceramint.2021.12.227,0.0,0.0,0.0,0.0,20.0,0.0,0.0,0.5,70,0.0,0.0,0,0.0,0,0.0,0,0,0,0.0,0,0,0.0,0,0,0,0.0,0.0,0,0.0,0.0,0,0,0.0,0,0,0.0,0.0,0.0,0,0,0.0,0,0.0,0,0,0,0,0,0,0,0,0,0.0,0.0,0.0,0,0,0.0,0.25,0.0,0.0,86400.0,0,500.0,10.0,,,510.0,,45.0,,0,1,0,90.75,4,70.0,0.7713498622589532,1,0
Lee et al. 2022,10.1016/j.ceramint.2021.12.227,0.0,0.0,0.0,0.0,20.0,0.0,0.0,0.5,70,0.0,0.0,0,0.0,0,0.0,0,0,0,0.0,0,0,0.0,0,0,0,0.0,0.0,0,0.0,0.0,0,0,0.0,0,0,0.0,0.0,0.0,0,0,0.0,0,0.0,0,0,0,0,0,0,0,0,0,0.0,0.0,0.0,0,0,0.0,0.25,0.0,0.0,86400.0,0,500.0,10.0,,,510.0,,45.0,,1,1,1,90.75,4,70.0,0.7713498622589532,1,0
Lee et al. 2022,10.1016/j.ceramint.2021.12.227,0.0,0.0,0.0,0.0,20.0,0.0,0.0,0.5,70,0.0,0.0,0,0.0,0,0.0,0,0,0,0.0,0,0,0.0,0,0,0,0.0,0.0,0,0.0,0.0,0,0,0.0,0,0,0.0,0.0,0.0,0,0,0.0,0,0.0,0,0,0,0,0,0,0,0,0,0.0,0.0,0.0,0,0,0.0,0.25,0.0,0.0,86400.0,0,500.0,10.0,,,510.0,,45.0,,2,1,2,90.75,4,70.0,0.7713498622589532,1,0
Lee et al. 2022,10.1016/j.ceramint.2021.12.227,0.0,0.0,0.0,0.0,20.0,0.0,0.0,0.5,70,0.0,0.0,0,0.0,0,0.0,0,0,0,0.0,0,0,0.0,0,0,0,0.0,0.0,0,0.0,0.0,0,0,0.0,0,0,0.0,0.0,0.0,0,0,0.0,0,0.0,0,0,0,0,0,0,0,0,0,0.0,0.0,0.0,0,0,0.0,0.25,0.0,0.0,86400.0,0,500.0,10.0,,,510.0,,45.0,,3,1,3,90.75,4,70.0,0.7713498622589532,1,0
Lee et al. 2022,10.1016/j.ceramint.2021.12.227,0.0,0.0,0.0,0.0,20.0,0.0,0.0,0.5,70,0.0,0.0,0,0.0,0,0.0,0,0,0,0.0,0,0,0.0,0,0,0,0.0,0.0,0,0.0,0.0,0,0,0.0,0,0,0.0,0.0,0.0,0,0,0.0,0,0.0,0,0,0,0,0,0,0,0,0,0.0,0.0,0.0,0,0,0.0,0.25,0.0,0.0,86400.0,0,500.0,10.0,,,510.0,,45.0,,3,1,3,90.75,4,70.0,0.7713498622589532,1,0
Lee et al. 2022,10.1016/j.ceramint.2021.12.227,0.0,0.0,0.0,0.0,20.0,0.0,0.0,1.0,70,0.0,0.0,0,0.0,0,0.0,0,0,0,0.0,0,0,0.0,0,0,0,0.0,0.0,0,0.0,0.0,0,0,0.0,0,0,0.0,0.0,0.0,0,0,0.0,0,0.0,0,0,0,0,0,0,0,0,0,0.0,0.0,0.0,0,0,0.0,0.25,0.0,0.0,86400.0,0,500.0,4.0,,,510.0,,45.0,,0,1,0,91.25,4,70.0,0.7671232876712328,1,0
Lee et al. 2022,10.1016/j.ceramint.2021.12.227,0.0,0.0,0.0,0.0,20.0,0.0,0.0,1.0,70,0.0,0.0,0,0.0,0,0.0,0,0,0,0.0,0,0,0.0,0,0,0,0.0,0.0,0,0.0,0.0,0,0,0.0,0,0,0.0,0.0,0.0,0,0,0.0,0,0.0,0,0,0,0,0,0,0,0,0,0.0,0.0,0.0,0,0,0.0,0.25,0.0,0.0,86400.0,0,500.0,4.0,,,510.0,,45.0,,0,1,0,91.25,4,70.0,0.7671232876712328,1,0
Lee et al. 2022,10.1016/j.ceramint.2021.12.227,0.0,0.0,0.0,0.0,20.0,0.0,0.0,1.0,70,0.0,0.0,0,0.0,0,0.0,0,0,0,0.0,0,0,0.0,0,0,0,0.0,0.0,0,0.0,0.0,0,0,0.0,0,0,0.0,0.0,0.0,0,0,0.0,0,0.0,0,0,0,0,0,0,0,0,0,0.0,0.0,0.0,0,0,0.0,0.25,0.0,0.0,86400.0,0,500.0,4.0,,,510.0,,45.0,,0,1,0,91.25,4,70.0,0.7671232876712328,1,0
Lee et al. 2022,10.1016/j.ceramint.2021.12.227,0.0,0.0,0.0,0.0,20.0,0.0,0.0,1.0,70,0.0,0.0,0,0.0,0,0.0,0,0,0,0.0,0,0,0.0,0,0,0,0.0,0.0,0,0.0,0.0,0,0,0.0,0,0,0.0,0.0,0.0,0,0,0.0,0,0.0,0,0,0,0,0,0,0,0,0,0.0,0.0,0.0,0,0,0.0,0.25,0.0,0.0,86400.0,0,500.0,4.0,,,510.0,,45.0,,0,1,0,91.25,4,70.0,0.7671232876712328,1,0
Lee et al. 2022,10.1016/j.ceramint.2021.12.227,0.0,0.0,0.0,0.0,20.0,0.0,0.0,1.0,70,0.0,0.0,0,0.0,0,0.0,0,0,0,0.0,0,0,0.0,0,0,0,0.0,0.0,0,0.0,0.0,0,0,0.0,0,0,0.0,0.0,0.0,0,0,0.0,0,0.0,0,0,0,0,0,0,0,0,0,0.0,0.0,0.0,0,0,0.0,0.25,0.0,0.0,86400.0,0,500.0,4.0,,,510.0,,45.0,,1,1,1,91.25,4,70.0,0.7671232876712328,1,0
Lee et al. 2022,10.1016/j.ceramint.2021.12.227,0.0,0.0,0.0,0.0,20.0,0.0,0.0,1.0,70,0.0,0.0,0,0.0,0,0.0,0,0,0,0.0,0,0,0.0,0,0,0,0.0,0.0,0,0.0,0.0,0,0,0.0,0,0,0.0,0.0,0.0,0,0,0.0,0,0.0,0,0,0,0,0,0,0,0,0,0.0,0.0,0.0,0,0,0.0,0.25,0.0,0.0,86400.0,0,500.0,4.0,,,510.0,,45.0,,3,1,3,91.25,4,70.0,0.7671232876712328,1,0
Lee et al. 2022,10.1016/j.ceramint.2021.12.227,0.0,0.0,0.0,0.0,20.0,0.0,0.0,1.0,70,0.0,0.0,0,0.0,0,0.0,0,0,0,0.0,0,0,0.0,0,0,0,0.0,0.0,0,0.0,0.0,0,0,0.0,0,0,0.0,0.0,0.0,0,0,0.0,0,0.0,0,0,0,0,0,0,0,0,0,0.0,0.0,0.0,0,0,0.0,0.25,0.0,0.0,86400.0,0,500.0,4.0,,,510.0,,45.0,,2,1,2,91.25,4,70.0,0.7671232876712328,1,0
Lee et al. 2022,10.1016/j.ceramint.2021.12.227,0.0,0.0,0.0,0.0,20.0,0.0,0.0,0.0,70,0.0,0.0,0,0.0,0,0.0,0,0,0,0.0,0,0,0.0,0,0,0,0.0,0.0,0,0.0,0.0,0,0,0.0,0,0,0.0,0.0,0.0,0,0,0.0,0,0.0,0,0,0,0,0,0,0,0,0,0.0,0.0,0.0,0,0,0.0,0.25,0.0,0.0,86400.0,0,200.0,10.0,,,510.0,,45.0,,2,1,2,90.25,3,70.0,0.775623268698061,1,0
Lee et al. 2022,10.1016/j.ceramint.2021.12.227,0.0,0.0,0.0,0.0,20.0,0.0,0.0,0.0,70,0.0,0.0,0,0.0,0,0.0,0,0,0,0.0,0,0,0.0,0,0,0,0.0,0.0,0,0.0,0.0,0,0,0.0,0,0,0.0,0.0,0.0,0,0,0.0,0,0.0,0,0,0,0,0,0,0,0,0,0.0,0.0,0.0,0,0,0.0,0.25,0.0,0.0,86400.0,0,250.0,10.0,,,510.0,,45.0,,2,1,2,90.25,3,70.0,0.775623268698061,1,0
Lee et al. 2022,10.1016/j.ceramint.2021.12.227,0.0,0.0,0.0,0.0,20.0,0.0,0.0,0.0,70,0.0,0.0,0,0.0,0,0.0,0,0,0,0.0,0,0,0.0,0,0,0,0.0,0.0,0,0.0,0.0,0,0,0.0,0,0,0.0,0.0,0.0,0,0,0.0,0,0.0,0,0,0,0,0,0,0,0,0,0.0,0.0,0.0,0,0,0.0,0.25,0.0,0.0,86400.0,0,300.0,10.0,,,510.0,,45.0,,2,1,2,90.25,3,70.0,0.775623268698061,1,0
Lee et al. 2022,10.1016/j.ceramint.2021.12.227,0.0,0.0,0.0,0.0,20.0,0.0,0.0,0.0,70,0.0,0.0,0,0.0,0,0.0,0,0,0,0.0,0,0,0.0,0,0,0,0.0,0.0,0,0.0,0.0,0,0,0.0,0,0,0.0,0.0,0.0,0,0,0.0,0,0.0,0,0,0,0,0,0,0,0,0,0.0,0.0,0.0,0,0,0.0,0.25,0.0,0.0,86400.0,0,350.0,10.0,,,510.0,,45.0,,2,1,2,90.25,3,70.0,0.775623268698061,1,0
Lee et al. 2022,10.1016/j.ceramint.2021.12.227,0.0,0.0,0.0,0.0,20.0,0.0,0.0,0.0,70,0.0,0.0,0,0.0,0,0.0,0,0,0,0.0,0,0,0.0,0,0,0,0.0,0.0,0,0.0,0.0,0,0,0.0,0,0,0.0,0.0,0.0,0,0,0.0,0,0.0,0,0,0,0,0,0,0,0,0,0.0,0.0,0.0,0,0,0.0,0.25,0.0,0.0,86400.0,0,400.0,10.0,,,510.0,,45.0,,2,1,2,90.25,3,70.0,0.775623268698061,1,0
Lee et al. 2022,10.1016/j.ceramint.2021.12.227,0.0,0.0,0.0,0.0,20.0,0.0,0.0,0.0,70,0.0,0.0,0,0.0,0,0.0,0,0,0,0.0,0,0,0.0,0,0,0,0.0,0.0,0,0.0,0.0,0,0,0.0,0,0,0.0,0.0,0.0,0,0,0.0,0,0.0,0,0,0,0,0,0,0,0,0,0.0,0.0,0.0,0,0,0.0,0.25,0.0,0.0,86400.0,0,450.0,10.0,,,510.0,,45.0,,2,1,2,90.25,3,70.0,0.775623268698061,1,0
Lee et al. 2022,10.1016/j.ceramint.2021.12.227,0.0,0.0,0.0,0.0,20.0,0.0,0.0,0.0,70,0.0,0.0,0,0.0,0,0.0,0,0,0,0.0,0,0,0.0,0,0,0,0.0,0.0,0,0.0,0.0,0,0,0.0,0,0,0.0,0.0,0.0,0,0,0.0,0,0.0,0,0,0,0,0,0,0,0,0,0.0,0.0,0.0,0,0,0.0,0.25,0.0,0.0,86400.0,0,500.0,10.0,,,510.0,,45.0,,2,1,2,90.25,3,70.0,0.775623268698061,1,0
Lee et al. 2022,10.1016/j.ceramint.2021.12.227,0.0,0.0,0.0,0.0,20.0,0.0,0.0,0.5,70,0.0,0.0,0,0.0,0,0.0,0,0,0,0.0,0,0,0.0,0,0,0,0.0,0.0,0,0.0,0.0,0,0,0.0,0,0,0.0,0.0,0.0,0,0,0.0,0,0.0,0,0,0,0,0,0,0,0,0,0.0,0.0,0.0,0,0,0.0,0.25,0.0,0.0,86400.0,0,200.0,10.0,,,510.0,,45.0,,2,1,2,90.75,4,70.0,0.7713498622589532,1,0
Lee et al. 2022,10.1016/j.ceramint.2021.12.227,0.0,0.0,0.0,0.0,20.0,0.0,0.0,0.5,70,0.0,0.0,0,0.0,0,0.0,0,0,0,0.0,0,0,0.0,0,0,0,0.0,0.0,0,0.0,0.0,0,0,0.0,0,0,0.0,0.0,0.0,0,0,0.0,0,0.0,0,0,0,0,0,0,0,0,0,0.0,0.0,0.0,0,0,0.0,0.25,0.0,0.0,86400.0,0,250.0,10.0,,,510.0,,45.0,,2,1,2,90.75,4,70.0,0.7713498622589532,1,0
Lee et al. 2022,10.1016/j.ceramint.2021.12.227,0.0,0.0,0.0,0.0,20.0,0.0,0.0,0.5,70,0.0,0.0,0,0.0,0,0.0,0,0,0,0.0,0,0,0.0,0,0,0,0.0,0.0,0,0.0,0.0,0,0,0.0,0,0,0.0,0.0,0.0,0,0,0.0,0,0.0,0,0,0,0,0,0,0,0,0,0.0,0.0,0.0,0,0,0.0,0.25,0.0,0.0,86400.0,0,300.0,10.0,,,510.0,,45.0,,2,1,2,90.75,4,70.0,0.7713498622589532,1,0
Lee et al. 2022,10.1016/j.ceramint.2021.12.227,0.0,0.0,0.0,0.0,20.0,0.0,0.0,0.5,70,0.0,0.0,0,0.0,0,0.0,0,0,0,0.0,0,0,0.0,0,0,0,0.0,0.0,0,0.0,0.0,0,0,0.0,0,0,0.0,0.0,0.0,0,0,0.0,0,0.0,0,0,0,0,0,0,0,0,0,0.0,0.0,0.0,0,0,0.0,0.25,0.0,0.0,86400.0,0,350.0,10.0,,,510.0,,45.0,,2,1,2,90.75,4,70.0,0.7713498622589532,1,0
Lee et al. 2022,10.1016/j.ceramint.2021.12.227,0.0,0.0,0.0,0.0,20.0,0.0,0.0,0.5,70,0.0,0.0,0,0.0,0,0.0,0,0,0,0.0,0,0,0.0,0,0,0,0.0,0.0,0,0.0,0.0,0,0,0.0,0,0,0.0,0.0,0.0,0,0,0.0,0,0.0,0,0,0,0,0,0,0,0,0,0.0,0.0,0.0,0,0,0.0,0.25,0.0,0.0,86400.0,0,400.0,10.0,,,510.0,,45.0,,2,1,2,90.75,4,70.0,0.7713498622589532,1,0
Lee et al. 2022,10.1016/j.ceramint.2021.12.227,0.0,0.0,0.0,0.0,20.0,0.0,0.0,0.5,70,0.0,0.0,0,0.0,0,0.0,0,0,0,0.0,0,0,0.0,0,0,0,0.0,0.0,0,0.0,0.0,0,0,0.0,0,0,0.0,0.0,0.0,0,0,0.0,0,0.0,0,0,0,0,0,0,0,0,0,0.0,0.0,0.0,0,0,0.0,0.25,0.0,0.0,86400.0,0,450.0,10.0,,,510.0,,45.0,,2,1,2,90.75,4,70.0,0.7713498622589532,1,0
Lee et al. 2022,10.1016/j.ceramint.2021.12.227,0.0,0.0,0.0,0.0,20.0,0.0,0.0,0.5,70,0.0,0.0,0,0.0,0,0.0,0,0,0,0.0,0,0,0.0,0,0,0,0.0,0.0,0,0.0,0.0,0,0,0.0,0,0,0.0,0.0,0.0,0,0,0.0,0,0.0,0,0,0,0,0,0,0,0,0,0.0,0.0,0.0,0,0,0.0,0.25,0.0,0.0,86400.0,0,500.0,10.0,,,510.0,,45.0,,2,1,2,90.75,4,70.0,0.7713498622589532,1,0
Lee et al. 2022,10.1016/j.ceramint.2021.12.227,0.0,0.0,0.0,0.0,20.0,0.0,0.0,1.0,70,0.0,0.0,0,0.0,0,0.0,0,0,0,0.0,0,0,0.0,0,0,0,0.0,0.0,0,0.0,0.0,0,0,0.0,0,0,0.0,0.0,0.0,0,0,0.0,0,0.0,0,0,0,0,0,0,0,0,0,0.0,0.0,0.0,0,0,0.0,0.25,0.0,0.0,86400.0,0,200.0,4.0,,,510.0,,47.5,,2,1,2,91.25,4,70.0,0.7671232876712328,1,0
Lee et al. 2022,10.1016/j.ceramint.2021.12.227,0.0,0.0,0.0,0.0,20.0,0.0,0.0,1.0,70,0.0,0.0,0,0.0,0,0.0,0,0,0,0.0,0,0,0.0,0,0,0,0.0,0.0,0,0.0,0.0,0,0,0.0,0,0,0.0,0.0,0.0,0,0,0.0,0,0.0,0,0,0,0,0,0,0,0,0,0.0,0.0,0.0,0,0,0.0,0.25,0.0,0.0,86400.0,0,250.0,4.0,,,510.0,,47.5,,2,1,2,91.25,4,70.0,0.7671232876712328,1,0
Lee et al. 2022,10.1016/j.ceramint.2021.12.227,0.0,0.0,0.0,0.0,20.0,0.0,0.0,1.0,70,0.0,0.0,0,0.0,0,0.0,0,0,0,0.0,0,0,0.0,0,0,0,0.0,0.0,0,0.0,0.0,0,0,0.0,0,0,0.0,0.0,0.0,0,0,0.0,0,0.0,0,0,0,0,0,0,0,0,0,0.0,0.0,0.0,0,0,0.0,0.25,0.0,0.0,86400.0,0,300.0,4.0,,,510.0,,47.5,,2,1,2,91.25,4,70.0,0.7671232876712328,1,0
Lee et al. 2022,10.1016/j.ceramint.2021.12.227,0.0,0.0,0.0,0.0,20.0,0.0,0.0,1.0,70,0.0,0.0,0,0.0,0,0.0,0,0,0,0.0,0,0,0.0,0,0,0,0.0,0.0,0,0.0,0.0,0,0,0.0,0,0,0.0,0.0,0.0,0,0,0.0,0,0.0,0,0,0,0,0,0,0,0,0,0.0,0.0,0.0,0,0,0.0,0.25,0.0,0.0,86400.0,0,350.0,4.0,,,510.0,,47.5,,2,1,2,91.25,4,70.0,0.7671232876712328,1,0
Lee et al. 2022,10.1016/j.ceramint.2021.12.227,0.0,0.0,0.0,0.0,20.0,0.0,0.0,1.0,70,0.0,0.0,0,0.0,0,0.0,0,0,0,0.0,0,0,0.0,0,0,0,0.0,0.0,0,0.0,0.0,0,0,0.0,0,0,0.0,0.0,0.0,0,0,0.0,0,0.0,0,0,0,0,0,0,0,0,0,0.0,0.0,0.0,0,0,0.0,0.25,0.0,0.0,86400.0,0,400.0,4.0,,,510.0,,47.5,,2,1,2,91.25,4,70.0,0.7671232876712328,1,0
Lee et al. 2022,10.1016/j.ceramint.2021.12.227,0.0,0.0,0.0,0.0,20.0,0.0,0.0,1.0,70,0.0,0.0,0,0.0,0,0.0,0,0,0,0.0,0,0,0.0,0,0,0,0.0,0.0,0,0.0,0.0,0,0,0.0,0,0,0.0,0.0,0.0,0,0,0.0,0,0.0,0,0,0,0,0,0,0,0,0,0.0,0.0,0.0,0,0,0.0,0.25,0.0,0.0,86400.0,0,450.0,4.0,,,510.0,,47.5,,2,1,2,91.25,4,70.0,0.7671232876712328,1,0
Lee et al. 2022,10.1016/j.ceramint.2021.12.227,0.0,0.0,0.0,0.0,20.0,0.0,0.0,1.0,70,0.0,0.0,0,0.0,0,0.0,0,0,0,0.0,0,0,0.0,0,0,0,0.0,0.0,0,0.0,0.0,0,0,0.0,0,0,0.0,0.0,0.0,0,0,0.0,0,0.0,0,0,0,0,0,0,0,0,0,0.0,0.0,0.0,0,0,0.0,0.25,0.0,0.0,86400.0,0,500.0,4.0,,,510.0,,47.5,,2,1,2,91.25,4,70.0,0.7671232876712328,1,0
Lee et al. 2022,10.1016/j.ceramint.2021.12.227,0.0,0.0,0.0,0.0,20.0,0.0,0.0,0.0,70,0.0,0.0,0,0.0,0,0.0,0,0,0,0.0,0,0,0.0,0,0,0,0.0,0.0,0,0.0,0.0,0,0,0.0,0,0,0.0,0.0,0.0,0,0,0.0,0,0.0,0,0,0,0,0,0,0,0,0,0.0,0.0,0.0,0,0,0.0,0.25,0.0,0.0,86400.0,0,350.0,1.0,,,510.0,,45.0,,1,1,1,90.25,3,70.0,0.775623268698061,1,0
Lee et al. 2022,10.1016/j.ceramint.2021.12.227,0.0,0.0,0.0,0.0,20.0,0.0,0.0,0.0,70,0.0,0.0,0,0.0,0,0.0,0,0,0,0.0,0,0,0.0,0,0,0,0.0,0.0,0,0.0,0.0,0,0,0.0,0,0,0.0,0.0,0.0,0,0,0.0,0,0.0,0,0,0,0,0,0,0,0,0,0.0,0.0,0.0,0,0,0.0,0.25,0.0,0.0,86400.0,0,350.0,4.0,,,510.0,,45.0,,2,1,2,90.25,3,70.0,0.775623268698061,1,0
Lee et al. 2022,10.1016/j.ceramint.2021.12.227,0.0,0.0,0.0,0.0,20.0,0.0,0.0,0.0,70,0.0,0.0,0,0.0,0,0.0,0,0,0,0.0,0,0,0.0,0,0,0,0.0,0.0,0,0.0,0.0,0,0,0.0,0,0,0.0,0.0,0.0,0,0,0.0,0,0.0,0,0,0,0,0,0,0,0,0,0.0,0.0,0.0,0,0,0.0,0.25,0.0,0.0,86400.0,0,350.0,7.0,,,510.0,,45.0,,3,1,3,90.25,3,70.0,0.775623268698061,1,0
Lee et al. 2022,10.1016/j.ceramint.2021.12.227,0.0,0.0,0.0,0.0,20.0,0.0,0.0,0.0,70,0.0,0.0,0,0.0,0,0.0,0,0,0,0.0,0,0,0.0,0,0,0,0.0,0.0,0,0.0,0.0,0,0,0.0,0,0,0.0,0.0,0.0,0,0,0.0,0,0.0,0,0,0,0,0,0,0,0,0,0.0,0.0,0.0,0,0,0.0,0.25,0.0,0.0,86400.0,0,350.0,10.0,,,510.0,,45.0,,2,1,2,90.25,3,70.0,0.775623268698061,1,0
Lee et al. 2022,10.1016/j.ceramint.2021.12.227,0.0,0.0,0.0,0.0,20.0,0.0,0.0,0.5,70,0.0,0.0,0,0.0,0,0.0,0,0,0,0.0,0,0,0.0,0,0,0,0.0,0.0,0,0.0,0.0,0,0,0.0,0,0,0.0,0.0,0.0,0,0,0.0,0,0.0,0,0,0,0,0,0,0,0,0,0.0,0.0,0.0,0,0,0.0,0.25,0.0,0.0,86400.0,0,350.0,1.0,,,510.0,,45.0,,1,1,1,90.75,4,70.0,0.7713498622589532,1,0
Lee et al. 2022,10.1016/j.ceramint.2021.12.227,0.0,0.0,0.0,0.0,20.0,0.0,0.0,0.5,70,0.0,0.0,0,0.0,0,0.0,0,0,0,0.0,0,0,0.0,0,0,0,0.0,0.0,0,0.0,0.0,0,0,0.0,0,0,0.0,0.0,0.0,0,0,0.0,0,0.0,0,0,0,0,0,0,0,0,0,0.0,0.0,0.0,0,0,0.0,0.25,0.0,0.0,86400.0,0,350.0,4.0,,,510.0,,45.0,,2,1,2,90.75,4,70.0,0.7713498622589532,1,0
Lee et al. 2022,10.1016/j.ceramint.2021.12.227,0.0,0.0,0.0,0.0,20.0,0.0,0.0,0.5,70,0.0,0.0,0,0.0,0,0.0,0,0,0,0.0,0,0,0.0,0,0,0,0.0,0.0,0,0.0,0.0,0,0,0.0,0,0,0.0,0.0,0.0,0,0,0.0,0,0.0,0,0,0,0,0,0,0,0,0,0.0,0.0,0.0,0,0,0.0,0.25,0.0,0.0,86400.0,0,350.0,7.0,,,510.0,,45.0,,3,1,3,90.75,4,70.0,0.7713498622589532,1,0
Lee et al. 2022,10.1016/j.ceramint.2021.12.227,0.0,0.0,0.0,0.0,20.0,0.0,0.0,0.5,70,0.0,0.0,0,0.0,0,0.0,0,0,0,0.0,0,0,0.0,0,0,0,0.0,0.0,0,0.0,0.0,0,0,0.0,0,0,0.0,0.0,0.0,0,0,0.0,0,0.0,0,0,0,0,0,0,0,0,0,0.0,0.0,0.0,0,0,0.0,0.25,0.0,0.0,86400.0,0,350.0,10.0,,,510.0,,45.0,,2,1,2,90.75,4,70.0,0.7713498622589532,1,0
Lee et al. 2022,10.1016/j.ceramint.2021.12.227,0.0,0.0,0.0,0.0,20.0,0.0,0.0,1.0,70,0.0,0.0,0,0.0,0,0.0,0,0,0,0.0,0,0,0.0,0,0,0,0.0,0.0,0,0.0,0.0,0,0,0.0,0,0,0.0,0.0,0.0,0,0,0.0,0,0.0,0,0,0,0,0,0,0,0,0,0.0,0.0,0.0,0,0,0.0,0.25,0.0,0.0,86400.0,0,350.0,1.0,,,510.0,,47.5,,1,1,1,91.25,4,70.0,0.7671232876712328,1,0
Lee et al. 2022,10.1016/j.ceramint.2021.12.227,0.0,0.0,0.0,0.0,20.0,0.0,0.0,1.0,70,0.0,0.0,0,0.0,0,0.0,0,0,0,0.0,0,0,0.0,0,0,0,0.0,0.0,0,0.0,0.0,0,0,0.0,0,0,0.0,0.0,0.0,0,0,0.0,0,0.0,0,0,0,0,0,0,0,0,0,0.0,0.0,0.0,0,0,0.0,0.25,0.0,0.0,86400.0,0,350.0,2.0,,,510.0,,47.5,,2,1,2,91.25,4,70.0,0.7671232876712328,1,0
Lee et al. 2022,10.1016/j.ceramint.2021.12.227,0.0,0.0,0.0,0.0,20.0,0.0,0.0,1.0,70,0.0,0.0,0,0.0,0,0.0,0,0,0,0.0,0,0,0.0,0,0,0,0.0,0.0,0,0.0,0.0,0,0,0.0,0,0,0.0,0.0,0.0,0,0,0.0,0,0.0,0,0,0,0,0,0,0,0,0,0.0,0.0,0.0,0,0,0.0,0.25,0.0,0.0,86400.0,0,350.0,3.0,,,510.0,,47.5,,3,1,3,91.25,4,70.0,0.7671232876712328,1,0
Lee et al. 2022,10.1016/j.ceramint.2021.12.227,0.0,0.0,0.0,0.0,20.0,0.0,0.0,1.0,70,0.0,0.0,0,0.0,0,0.0,0,0,0,0.0,0,0,0.0,0,0,0,0.0,0.0,0,0.0,0.0,0,0,0.0,0,0,0.0,0.0,0.0,0,0,0.0,0,0.0,0,0,0,0,0,0,0,0,0,0.0,0.0,0.0,0,0,0.0,0.25,0.0,0.0,86400.0,0,350.0,4.0,,,510.0,,47.5,,2,1,2,91.25,4,70.0,0.7671232876712328,1,0
