topology,mode,n_cells,grid,unit_cell_mm,target_porosity,porosity,relative_density,E_rel,D_eff_rel,tortuosity,specific_surface_per_mm,solid_connectivity,nominal_pore_um,cg_converged,pore_connected
gyroid,network,1,20,2.0,0.3,0.3,0.7,0.449479,0.120512,2.4894,2.07,0.9998,600.0,1,1
gyroid,network,1,20,2.0,0.35,0.353,0.647,0.368352,0.150485,2.3457,2.31,1.0,706.0,1,1
gyroid,network,1,20,2.0,0.4,0.401,0.599,0.315622,0.203335,1.9721,2.25,1.0,802.0,1,1
gyroid,network,1,20,2.0,0.45,0.455,0.545,0.260701,0.240909,1.8887,2.385,1.0,910.0,1,1
gyroid,network,1,20,2.0,0.5,0.5,0.5,0.213656,0.281834,1.7741,2.4,1.0,1000.0,1,1
gyroid,network,1,20,2.0,0.55,0.545,0.455,0.169089,0.329209,1.6555,2.385,1.0,1090.0,1,1
gyroid,network,1,20,2.0,0.6,0.599,0.401,0.13929,0.388676,1.5411,2.25,1.0,1198.0,1,1
gyroid,network,1,20,2.0,0.65,0.647,0.353,0.097185,0.440229,1.4697,2.31,1.0,1294.0,1,1
gyroid,network,1,20,2.0,0.7,0.7,0.3,0.070966,0.516248,1.3559,2.07,1.0,1400.0,1,1
gyroid,network,1,20,2.0,0.75,0.751,0.249,0.044392,0.578369,1.2985,2.085,1.0,1502.0,1,1
gyroid,network,1,20,2.0,0.8,0.799,0.201,0.014281,0.652415,1.2247,1.815,0.875,1598.0,1,1
gyroid,network,1,20,2.0,0.85,0.85,0.15,0.008169,0.715091,1.1887,1.65,0.875,1700.0,1,1
gyroid,network,2,20,1.0,0.3,0.304,0.696,0.436681,0.128674,2.3626,8.28,1.0,152.0,1,1
gyroid,network,2,20,1.0,0.35,0.376,0.624,0.338824,0.166322,2.2607,9.12,1.0,188.0,1,1
gyroid,network,2,20,1.0,0.4,0.376,0.624,0.338824,0.166322,2.2607,9.12,1.0,188.0,1,1
gyroid,network,2,20,1.0,0.45,0.448,0.552,0.257506,0.215119,2.0826,9.72,1.0,224.0,1,1
gyroid,network,2,20,1.0,0.5,0.504,0.496,0.222765,0.276877,1.8203,8.88,1.0,252.0,1,1
gyroid,network,2,20,1.0,0.55,0.552,0.448,0.158041,0.307096,1.7975,9.72,1.0,276.0,1,1
gyroid,network,2,20,1.0,0.6,0.624,0.376,0.11259,0.394123,1.5833,9.12,1.0,312.0,1,1
gyroid,network,2,20,1.0,0.65,0.624,0.376,0.11259,0.394123,1.5833,9.12,1.0,312.0,1,1
gyroid,network,2,20,1.0,0.7,0.696,0.304,0.091616,0.480767,1.4477,8.28,1.0,348.0,1,1
gyroid,network,2,20,1.0,0.75,0.768,0.232,0.027529,0.575473,1.3346,7.56,0.9844,384.0,1,1
gyroid,network,2,20,1.0,0.8,0.8,0.2,0.022363,0.609459,1.3126,7.68,0.9844,400.0,1,1
gyroid,network,2,20,1.0,0.85,0.824,0.176,0.013999,0.65034,1.267,7.2,0.9844,412.0,1,1
gyroid,sheet,1,20,2.0,0.3,0.3,0.7,0.40944,0.06138,4.8876,3.3,0.9964,600.0,1,1
gyroid,sheet,1,20,2.0,0.35,0.354,0.646,0.354644,0.072145,4.9068,3.39,0.9973,708.0,1,1
gyroid,sheet,1,20,2.0,0.4,0.39,0.61,0.323977,0.084473,4.6169,3.36,0.9984,780.0,1,1
gyroid,sheet,1,20,2.0,0.45,0.45,0.55,0.257242,0.118836,3.7867,3.84,0.9982,900.0,1,1
gyroid,sheet,1,20,2.0,0.5,0.51,0.49,0.203061,0.177469,2.8737,4.23,0.998,1020.0,1,1
gyroid,sheet,1,20,2.0,0.55,0.564,0.436,0.17172,0.204268,2.7611,4.11,0.9994,1128.0,1,1
gyroid,sheet,1,20,2.0,0.6,0.6,0.4,0.151038,0.236426,2.5378,4.14,0.9994,1200.0,1,1
gyroid,sheet,1,20,2.0,0.65,0.66,0.34,0.11503,0.278693,2.3682,4.35,0.9993,1320.0,1,1
gyroid,sheet,1,20,2.0,0.7,0.706,0.294,0.084647,0.309239,2.283,4.62,1.0,1412.0,1,1
gyroid,sheet,1,20,2.0,0.75,0.742,0.258,0.069654,0.344039,2.1567,4.71,1.0,1484.0,1,1
gyroid,sheet,1,20,2.0,0.8,0.802,0.198,0.047076,0.399545,2.0073,4.5,1.0,1604.0,1,1
gyroid,sheet,1,20,2.0,0.85,0.85,0.15,0.030506,0.439801,1.9327,4.77,1.0,1700.0,1,1
gyroid,sheet,2,20,1.0,0.3,0.256,0.744,0.504177,0.051729,4.9489,12.24,0.9997,128.0,1,1
gyroid,sheet,2,20,1.0,0.35,0.256,0.744,0.504177,0.051729,4.9489,12.24,0.9997,128.0,1,1
gyroid,sheet,2,20,1.0,0.4,0.4,0.6,0.317155,0.101342,3.947,15.36,0.9996,200.0,1,1
gyroid,sheet,2,20,1.0,0.45,0.464,0.536,0.271963,0.128936,3.5987,15.12,1.0,232.0,1,1
gyroid,sheet,2,20,1.0,0.5,0.464,0.536,0.271963,0.128936,3.5987,15.12,1.0,232.0,1,1
gyroid,sheet,2,20,1.0,0.55,0.608,0.392,0.156386,0.257412,2.362,16.56,1.0,304.0,1,1
gyroid,sheet,2,20,1.0,0.6,0.608,0.392,0.156386,0.257412,2.362,16.56,1.0,304.0,1,1
gyroid,sheet,2,20,1.0,0.65,0.656,0.344,0.129514,0.278267,2.3574,16.56,0.9767,328.0,1,1
gyroid,sheet,2,20,1.0,0.7,0.656,0.344,0.129514,0.278267,2.3574,16.56,0.9767,328.0,1,1
gyroid,sheet,2,20,1.0,0.75,0.656,0.344,0.129514,0.278267,2.3574,16.56,0.9767,328.0,1,1
gyroid,sheet,2,20,1.0,0.8,0.848,0.152,0.028967,0.591047,1.4347,13.2,0.0049,424.0,1,1
gyroid,sheet,2,20,1.0,0.85,0.848,0.152,0.028967,0.591047,1.4347,13.2,0.0049,424.0,1,1
diamond,network,1,20,2.0,0.3,0.299,0.701,0.415796,0.120549,2.4803,2.61,1.0,598.0,1,1
diamond,network,1,20,2.0,0.35,0.329,0.671,0.376912,0.136729,2.4062,2.85,1.0,658.0,1,1
diamond,network,1,20,2.0,0.4,0.389,0.611,0.296927,0.188644,2.0621,2.79,1.0,778.0,1,1
diamond,network,1,20,2.0,0.45,0.449,0.551,0.22925,0.237826,1.8879,2.88,1.0,898.0,1,1
diamond,network,1,20,2.0,0.5,0.4985,0.5015,0.187673,0.279709,1.7822,2.8875,1.0,997.0,1,1
diamond,network,1,20,2.0,0.55,0.551,0.449,0.144579,0.327581,1.682,2.88,1.0,1102.0,1,1
diamond,network,1,20,2.0,0.6,0.611,0.389,0.107345,0.389899,1.5671,2.79,1.0,1222.0,1,1
diamond,network,1,20,2.0,0.65,0.671,0.329,0.075222,0.445346,1.5067,2.85,1.0,1342.0,1,1
diamond,network,1,20,2.0,0.7,0.701,0.299,0.055414,0.508849,1.3776,2.61,1.0,1402.0,1,1
diamond,network,1,20,2.0,0.75,0.753,0.247,0.038385,0.580967,1.2961,2.34,1.0,1506.0,1,1
diamond,network,1,20,2.0,0.8,0.801,0.199,0.02446,0.631447,1.2685,2.37,1.0,1602.0,1,1
diamond,network,1,20,2.0,0.85,0.843,0.157,0.006696,0.706136,1.1938,1.995,0.9618,1686.0,1,1
diamond,network,2,20,1.0,0.3,0.2991,0.7009,0.414202,0.097884,3.0557,10.575,1.0,149.6,1,1
diamond,network,2,20,1.0,0.35,0.308,0.692,0.402906,0.102838,2.995,10.68,1.0,154.0,1,1
diamond,network,2,20,1.0,0.4,0.404,0.596,0.290903,0.169142,2.3885,11.76,1.0,202.0,1,1
diamond,network,2,20,1.0,0.45,0.452,0.548,0.249274,0.197249,2.2915,11.64,1.0,226.0,1,1
diamond,network,2,20,1.0,0.5,0.5,0.5,0.188578,0.253162,1.975,11.4,1.0,250.0,1,1
diamond,network,2,20,1.0,0.55,0.596,0.404,0.106867,0.343805,1.7335,11.76,1.0,298.0,1,1
diamond,network,2,20,1.0,0.6,0.596,0.404,0.106867,0.343805,1.7335,11.76,1.0,298.0,1,1
diamond,network,2,20,1.0,0.65,0.692,0.308,0.06703,0.454799,1.5216,10.68,1.0,346.0,1,1
diamond,network,2,20,1.0,0.7,0.692,0.308,0.06703,0.454799,1.5216,10.68,1.0,346.0,1,1
diamond,network,2,20,1.0,0.75,0.74,0.26,0.048461,0.50461,1.4665,10.32,0.9827,370.0,1,1
diamond,network,2,20,1.0,0.8,0.788,0.212,0.019458,0.606264,1.2998,8.4,0.9929,394.0,1,1
diamond,network,2,20,1.0,0.85,0.788,0.212,0.019458,0.606264,1.2998,8.4,0.9929,394.0,1,1
diamond,sheet,1,20,2.0,0.3,0.314,0.686,0.468156,0.056282,5.579,3.99,0.9985,628.0,1,1
diamond,sheet,1,20,2.0,0.35,0.326,0.674,0.452464,0.057359,5.6835,4.5,0.9985,652.0,1,1
diamond,sheet,1,20,2.0,0.4,0.422,0.578,0.344441,0.128884,3.2743,4.62,0.9996,844.0,1,1
diamond,sheet,1,20,2.0,0.45,0.422,0.578,0.344441,0.128884,3.2743,4.62,0.9996,844.0,1,1
diamond,sheet,1,20,2.0,0.5,0.494,0.506,0.29749,0.168887,2.925,4.68,0.9995,988.0,1,1
diamond,sheet,1,20,2.0,0.55,0.542,0.458,0.244883,0.204203,2.6542,5.16,0.9995,1084.0,1,1
diamond,sheet,1,20,2.0,0.6,0.598,0.402,0.203127,0.24064,2.485,5.22,1.0,1196.0,1,1
diamond,sheet,1,20,2.0,0.65,0.61,0.39,0.190756,0.237274,2.5709,5.7,1.0,1220.0,1,1
diamond,sheet,1,20,2.0,0.7,0.706,0.294,0.121896,0.315964,2.2344,5.7,1.0,1412.0,1,1
diamond,sheet,1,20,2.0,0.75,0.754,0.246,0.099338,0.353767,2.1313,5.58,1.0,1508.0,1,1
diamond,sheet,1,20,2.0,0.8,0.826,0.174,0.061953,0.417417,1.9788,5.7,0.4483,1652.0,1,1
diamond,sheet,1,20,2.0,0.85,0.85,0.15,0.055026,0.433177,1.9622,5.82,0.52,1700.0,1,1
diamond,sheet,2,20,1.0,0.3,0.232,0.768,0.647322,0.0,,14.88,1.0,116.0,1,0
diamond,sheet,2,20,1.0,0.35,0.232,0.768,0.647322,0.0,,14.88,1.0,116.0,1,0
diamond,sheet,2,20,1.0,0.4,0.232,0.768,0.647322,0.0,,14.88,1.0,116.0,1,0
diamond,sheet,2,20,1.0,0.45,0.424,0.576,0.385612,0.087779,4.8303,16.8,1.0,212.0,1,1
diamond,sheet,2,20,1.0,0.5,0.424,0.576,0.385612,0.087779,4.8303,16.8,1.0,212.0,1,1
diamond,sheet,2,20,1.0,0.55,0.568,0.432,0.22564,0.177357,3.2026,20.88,1.0,284.0,1,1
diamond,sheet,2,20,1.0,0.6,0.616,0.384,0.189698,0.205656,2.9953,21.36,0.875,308.0,1,1
diamond,sheet,2,20,1.0,0.65,0.616,0.384,0.189698,0.205656,2.9953,21.36,0.875,308.0,1,1
diamond,sheet,2,20,1.0,0.7,0.616,0.384,0.189698,0.205656,2.9953,21.36,0.875,308.0,1,1
diamond,sheet,2,20,1.0,0.75,0.808,0.192,3e-06,0.550544,1.4676,15.12,0.0117,404.0,1,1
diamond,sheet,2,20,1.0,0.8,0.808,0.192,3e-06,0.550544,1.4676,15.12,0.0117,404.0,1,1
diamond,sheet,2,20,1.0,0.85,0.904,0.096,2e-06,0.772077,1.1709,9.6,0.0026,452.0,1,1
schwarzP,network,1,20,2.0,0.3,0.283,0.717,0.548071,0.093293,3.0335,1.71,1.0,566.0,1,1
schwarzP,network,1,20,2.0,0.35,0.35,0.65,0.462182,0.154763,2.2615,1.8,1.0,700.0,1,1
schwarzP,network,1,20,2.0,0.4,0.401,0.599,0.402166,0.196027,2.0456,1.89,1.0,802.0,1,1
schwarzP,network,1,20,2.0,0.45,0.467,0.533,0.334149,0.268284,1.7407,1.83,1.0,934.0,1,1
schwarzP,network,1,20,2.0,0.5,0.5,0.5,0.300638,0.297801,1.679,1.86,1.0,1000.0,1,1
schwarzP,network,1,20,2.0,0.55,0.533,0.467,0.272664,0.333464,1.5984,1.83,1.0,1066.0,1,1
schwarzP,network,1,20,2.0,0.6,0.599,0.401,0.205324,0.402516,1.4881,1.89,1.0,1198.0,1,1
schwarzP,network,1,20,2.0,0.65,0.65,0.35,0.163987,0.464654,1.3989,1.8,1.0,1300.0,1,1
schwarzP,network,1,20,2.0,0.7,0.717,0.283,0.101235,0.551729,1.2996,1.71,1.0,1434.0,1,1
schwarzP,network,1,20,2.0,0.75,0.738,0.262,0.081658,0.585977,1.2594,1.62,1.0,1476.0,1,1
schwarzP,network,1,20,2.0,0.8,0.801,0.199,2e-06,0.692377,1.1569,1.35,1.0,1602.0,1,1
schwarzP,network,1,20,2.0,0.85,0.846,0.154,2e-06,0.758141,1.1159,1.11,1.0,1692.0,1,1
schwarzP,network,2,20,1.0,0.3,0.28,0.72,0.560339,0.075979,3.6852,6.72,1.0,140.0,1,1
schwarzP,network,2,20,1.0,0.35,0.28,0.72,0.560339,0.075979,3.6852,6.72,1.0,140.0,1,1
schwarzP,network,2,20,1.0,0.4,0.376,0.624,0.43273,0.175215,2.1459,6.72,1.0,188.0,1,1
schwarzP,network,2,20,1.0,0.45,0.448,0.552,0.353922,0.232271,1.9288,7.2,1.0,224.0,1,1
schwarzP,network,2,20,1.0,0.5,0.552,0.448,0.251471,0.332211,1.6616,7.2,1.0,276.0,1,1
schwarzP,network,2,20,1.0,0.55,0.552,0.448,0.251471,0.332211,1.6616,7.2,1.0,276.0,1,1
schwarzP,network,2,20,1.0,0.6,0.624,0.376,0.194269,0.41736,1.4951,6.72,1.0,312.0,1,1
schwarzP,network,2,20,1.0,0.65,0.72,0.28,0.096262,0.540509,1.3321,6.72,1.0,360.0,1,1
schwarzP,network,2,20,1.0,0.7,0.72,0.28,0.096262,0.540509,1.3321,6.72,1.0,360.0,1,1
schwarzP,network,2,20,1.0,0.75,0.72,0.28,0.096262,0.540509,1.3321,6.72,1.0,360.0,1,1
schwarzP,network,2,20,1.0,0.8,0.72,0.28,0.096262,0.540509,1.3321,6.72,1.0,360.0,1,1
schwarzP,network,2,20,1.0,0.85,0.84,0.16,2e-06,0.713959,1.1765,4.8,0.125,420.0,1,1
schwarzP,sheet,1,20,2.0,0.3,0.308,0.692,0.478361,1e-06,,2.22,1.0,616.0,1,0
schwarzP,sheet,1,20,2.0,0.35,0.35,0.65,0.424283,1e-06,,2.46,1.0,700.0,1,0
schwarzP,sheet,1,20,2.0,0.4,0.41,0.59,0.344862,3e-06,,2.7,1.0,820.0,1,0
schwarzP,sheet,1,20,2.0,0.45,0.41,0.59,0.344862,3e-06,,2.7,1.0,820.0,1,0
schwarzP,sheet,1,20,2.0,0.5,0.524,0.476,0.201147,0.148445,3.5299,3.24,1.0,1048.0,1,1
schwarzP,sheet,1,20,2.0,0.55,0.554,0.446,0.173068,0.176015,3.1475,3.3,1.0,1108.0,1,1
schwarzP,sheet,1,20,2.0,0.6,0.62,0.38,0.11697,0.241262,2.5698,3.42,1.0,1240.0,1,1
schwarzP,sheet,1,20,2.0,0.65,0.65,0.35,0.100961,0.25096,2.5901,3.6,1.0,1300.0,1,1
schwarzP,sheet,1,20,2.0,0.7,0.7,0.3,0.075769,0.305414,2.292,3.6,1.0,1400.0,1,1
schwarzP,sheet,1,20,2.0,0.75,0.754,0.246,0.046521,0.365807,2.0612,3.6,1.0,1508.0,1,1
schwarzP,sheet,1,20,2.0,0.8,0.79,0.21,0.035088,0.392106,2.0148,3.66,1.0,1580.0,1,1
schwarzP,sheet,1,20,2.0,0.85,0.85,0.15,0.021932,0.442714,1.92,3.66,1.0,1700.0,1,1
schwarzP,sheet,2,20,1.0,0.3,0.32,0.68,0.461462,0.0,,9.6,1.0,160.0,1,0
schwarzP,sheet,2,20,1.0,0.35,0.368,0.632,0.413912,0.0,,9.6,1.0,184.0,1,0
schwarzP,sheet,2,20,1.0,0.4,0.368,0.632,0.413912,0.0,,9.6,1.0,184.0,1,0
schwarzP,sheet,2,20,1.0,0.45,0.368,0.632,0.413912,0.0,,9.6,1.0,184.0,1,0
schwarzP,sheet,2,20,1.0,0.5,0.368,0.632,0.413912,0.0,,9.6,1.0,184.0,1,0
schwarzP,sheet,2,20,1.0,0.55,0.368,0.632,0.413912,0.0,,9.6,1.0,184.0,1,0
schwarzP,sheet,2,20,1.0,0.6,0.752,0.248,0.05398,0.366662,2.0509,13.44,0.9677,376.0,1,1
schwarzP,sheet,2,20,1.0,0.65,0.752,0.248,0.05398,0.366662,2.0509,13.44,0.9677,376.0,1,1
schwarzP,sheet,2,20,1.0,0.7,0.752,0.248,0.05398,0.366662,2.0509,13.44,0.9677,376.0,1,1
schwarzP,sheet,2,20,1.0,0.75,0.752,0.248,0.05398,0.366662,2.0509,13.44,0.9677,376.0,1,1
schwarzP,sheet,2,20,1.0,0.8,0.752,0.248,0.05398,0.366662,2.0509,13.44,0.9677,376.0,1,1
schwarzP,sheet,2,20,1.0,0.85,0.848,0.152,0.026537,0.410452,2.066,15.36,0.0033,424.0,1,1
iwp,network,1,20,2.0,0.3,0.292,0.708,0.498667,0.115293,2.5327,2.28,1.0,584.0,1,1
iwp,network,1,20,2.0,0.35,0.346,0.654,0.433394,0.164427,2.1043,2.46,1.0,692.0,1,1
iwp,network,1,20,2.0,0.4,0.394,0.606,0.364335,0.201603,1.9543,2.82,1.0,788.0,1,1
iwp,network,1,20,2.0,0.45,0.454,0.546,0.322433,0.255785,1.7749,2.58,1.0,908.0,1,1
iwp,network,1,20,2.0,0.5,0.49,0.51,0.299785,0.28421,1.7241,2.28,1.0,980.0,1,1
iwp,network,1,20,2.0,0.55,0.55,0.45,0.228767,0.347329,1.5835,2.76,1.0,1100.0,1,1
iwp,network,1,20,2.0,0.6,0.598,0.402,0.204213,0.400695,1.4924,2.52,1.0,1196.0,1,1
iwp,network,1,20,2.0,0.65,0.658,0.342,0.164331,0.467489,1.4075,2.52,1.0,1316.0,1,1
iwp,network,1,20,2.0,0.7,0.7,0.3,0.130002,0.525524,1.332,2.46,1.0,1400.0,1,1
iwp,network,1,20,2.0,0.75,0.748,0.252,0.109168,0.583107,1.2828,2.22,1.0,1496.0,1,1
iwp,network,1,20,2.0,0.8,0.808,0.192,0.078243,0.668013,1.2096,2.1,1.0,1616.0,1,1
iwp,network,1,20,2.0,0.85,0.856,0.144,0.037899,0.765818,1.1178,1.86,1.0,1712.0,1,1
iwp,network,2,20,1.0,0.3,0.232,0.768,0.605147,0.064613,3.5906,8.64,1.0,116.0,1,1
iwp,network,2,20,1.0,0.35,0.328,0.672,0.428693,0.117459,2.7925,10.56,1.0,164.0,1,1
iwp,network,2,20,1.0,0.4,0.424,0.576,0.380033,0.153063,2.7701,7.68,1.0,212.0,1,1
iwp,network,2,20,1.0,0.45,0.424,0.576,0.380033,0.153063,2.7701,7.68,1.0,212.0,1,1
iwp,network,2,20,1.0,0.5,0.52,0.48,0.285371,0.274996,1.8909,9.6,1.0,260.0,1,1
iwp,network,2,20,1.0,0.55,0.52,0.48,0.285371,0.274996,1.8909,9.6,1.0,260.0,1,1
iwp,network,2,20,1.0,0.6,0.616,0.384,0.145318,0.411483,1.497,11.52,1.0,308.0,1,1
iwp,network,2,20,1.0,0.65,0.616,0.384,0.145318,0.411483,1.497,11.52,1.0,308.0,1,1
iwp,network,2,20,1.0,0.7,0.616,0.384,0.145318,0.411483,1.497,11.52,1.0,308.0,1,1
iwp,network,2,20,1.0,0.75,0.808,0.192,0.089305,0.6428,1.257,6.72,1.0,404.0,1,1
iwp,network,2,20,1.0,0.8,0.808,0.192,0.089305,0.6428,1.257,6.72,1.0,404.0,1,1
iwp,network,2,20,1.0,0.85,0.85,0.15,0.016117,0.721035,1.1789,6.9,0.535,425.0,1,1
iwp,sheet,1,20,2.0,0.3,0.304,0.696,0.523147,0.071202,4.2695,3.84,1.0,608.0,1,1
iwp,sheet,1,20,2.0,0.35,0.352,0.648,0.458492,0.094761,3.7146,4.02,1.0,704.0,1,1
iwp,sheet,1,20,2.0,0.4,0.4,0.6,0.385368,0.14751,2.7117,4.26,1.0,800.0,1,1
iwp,sheet,1,20,2.0,0.45,0.46,0.54,0.335607,0.167837,2.7408,4.5,1.0,920.0,1,1
iwp,sheet,1,20,2.0,0.5,0.496,0.504,0.303578,0.180497,2.748,4.5,1.0,992.0,1,1
iwp,sheet,1,20,2.0,0.55,0.544,0.456,0.260445,0.223441,2.4346,4.5,1.0,1088.0,1,1
iwp,sheet,1,20,2.0,0.6,0.604,0.396,0.207506,0.263145,2.2953,4.56,1.0,1208.0,1,1
iwp,sheet,1,20,2.0,0.65,0.646,0.354,0.173327,0.287909,2.2438,4.92,1.0,1292.0,1,1
iwp,sheet,1,20,2.0,0.7,0.706,0.294,0.127111,0.334343,2.1116,4.98,1.0,1412.0,1,1
iwp,sheet,1,20,2.0,0.75,0.748,0.252,0.091026,0.366751,2.0395,5.34,1.0,1496.0,1,1
iwp,sheet,1,20,2.0,0.8,0.808,0.192,0.05935,0.419819,1.9246,4.98,1.0,1616.0,1,1
iwp,sheet,1,20,2.0,0.85,0.844,0.156,0.044091,0.500671,1.6857,4.86,0.3462,1688.0,1,1
iwp,sheet,2,20,1.0,0.3,0.28,0.72,0.610949,0.0,,11.52,1.0,140.0,1,0
iwp,sheet,2,20,1.0,0.35,0.424,0.576,0.397029,0.15363,2.7599,15.36,1.0,212.0,1,1
iwp,sheet,2,20,1.0,0.4,0.424,0.576,0.397029,0.15363,2.7599,15.36,1.0,212.0,1,1
iwp,sheet,2,20,1.0,0.45,0.52,0.48,0.294656,0.173758,2.9927,18.24,1.0,260.0,1,1
iwp,sheet,2,20,1.0,0.5,0.52,0.48,0.294656,0.173758,2.9927,18.24,1.0,260.0,1,1
iwp,sheet,2,20,1.0,0.55,0.52,0.48,0.294656,0.173758,2.9927,18.24,1.0,260.0,1,1
iwp,sheet,2,20,1.0,0.6,0.52,0.48,0.294656,0.173758,2.9927,18.24,1.0,260.0,1,1
iwp,sheet,2,20,1.0,0.65,0.712,0.288,0.139044,0.364048,1.9558,15.36,1.0,356.0,1,1
iwp,sheet,2,20,1.0,0.7,0.712,0.288,0.139044,0.364048,1.9558,15.36,1.0,356.0,1,1
iwp,sheet,2,20,1.0,0.75,0.712,0.288,0.139044,0.364048,1.9558,15.36,1.0,356.0,1,1
iwp,sheet,2,20,1.0,0.8,0.856,0.144,0.014239,0.591029,1.4483,15.36,0.0017,428.0,1,1
iwp,sheet,2,20,1.0,0.85,0.856,0.144,0.014239,0.591029,1.4483,15.36,0.0017,428.0,1,1
