polymer,ceramic,ceramic_wt,site,E0_MPa,sigma0_MPa,E_12wk_pct,mass_12wk_pct,polymer_resorbed_week,min_pH,porosity_final,load_transfer_cost,meets_stiffness,meets_strength,pH_safe,config,family,topology,mode,porosity,E_rel_z,pore_size_um,strut_thickness_um,K_sc_z,anisotropy,ga_n,ga_C,ga_fit_r2,n_constraints_met
chitosan,bioglass,0.3,trabecular_high,671.9304748808214,20.175508038810502,80.87201313551056,99.95287803446399,,7.2770828052918315,0.5174132264488409,0.08126386172155822,True,True,True,TPMS|iwp|network|c2,TPMS,iwp,network,0.5078,0.289243,500.0,375.0,4.03,1.0,1.4786956212166902,0.8153562240264155,0.9932660860986092,3
chitosan,bioglass,0.3,trabecular_high,630.8911972863954,18.222164364949872,80.87195421549588,99.9529001671252,,7.278503726145234,0.5245259578235387,0.08544621131083274,True,True,True,TPMS|iwp|sheet|c1,TPMS,iwp,sheet,0.5151,0.271577,500.0,306.2,4.462,1.0,1.6233848393323276,0.9045783206190872,0.9984056793607807,3
chitosan,bioglass,0.3,trabecular_high,605.9089493949397,18.491539094020087,80.88291926933846,99.95292228597262,,7.279922835327427,0.5402700230355078,0.08929979713309252,True,True,True,TPMS|iwp|network|c2,TPMS,iwp,network,0.5312,0.260823,500.0,375.0,4.397,1.0,1.4786956212166902,0.8153562240264155,0.9932660860986092,3
chitosan,bioglass,0.3,trabecular_high,593.5293325999268,17.511802153005885,80.8828616165838,99.95294439101666,,7.2813401323116,0.546013682941474,0.09118430109553916,True,True,True,TPMS|iwp|sheet|c1,TPMS,iwp,sheet,0.5371,0.255494,515.4,306.2,4.643,1.0,1.6233848393323276,0.9045783206190872,0.9984056793607807,3
PLLA,beta_TCP,0.15,trabecular_high,629.6268838194578,21.7093568980682,87.46921949193653,99.96969536399848,,6.628678408117282,0.5923438461355992,0.09126526423244469,True,True,True,TPMS|gyroid|sheet|c1,TPMS,gyroid,sheet,0.5859,0.152668,586.3,306.2,6.649,1.0,1.693269766558172,0.731407202437332,0.9769674364525385,3
PLLA,bioglass,0.15,trabecular_high,629.8410762331838,21.716742191920698,88.09859618067014,99.9717569775097,,6.981076311394014,0.5889649605790322,0.09259547121266862,True,True,True,TPMS|gyroid|sheet|c1,TPMS,gyroid,sheet,0.5859,0.152668,586.3,306.2,6.649,1.0,1.693269766558172,0.731407202437332,0.9769674364525385,3
silk,beta_TCP,0.15,trabecular_high,559.331876976678,18.46800124770531,90.3287822602914,99.96732545085698,,6.7707963230683434,0.5426990884073212,0.0929738820660735,True,True,True,TPMS|gyroid|sheet|c1,TPMS,gyroid,sheet,0.5391,0.185807,559.0,353.6,5.705,1.0,1.693269766558172,0.731407202437332,0.9769674364525385,3
chitosan,bioglass,0.3,trabecular_high,593.0043197653099,17.110121505977762,80.87948026732928,99.9529001671252,,7.278503726145234,0.5326646143507909,0.09362712911550194,True,True,True,TPMS|diamond|sheet|c1,TPMS,diamond,sheet,0.5234,0.255268,515.4,279.5,4.752,1.0,1.4258574162638877,0.7679338765501815,0.9856058001529598,3
silk,HA,0.3,trabecular_high,573.8249628661588,19.785322444164027,90.23621154160004,99.9727296440651,,6.698120636582694,0.5889341990648598,0.09459016452466415,True,True,True,TPMS|gyroid|sheet|c1,TPMS,gyroid,sheet,0.5859,0.152668,586.3,306.2,6.649,1.0,1.693269766558172,0.731407202437332,0.9769674364525385,3
silk,HA,0.15,trabecular_high,561.5517918876383,18.541298324151256,90.01237137444264,99.96594744287826,,6.506133697111789,0.544556882122279,0.09478790068318903,True,True,True,TPMS|gyroid|sheet|c1,TPMS,gyroid,sheet,0.5391,0.185807,559.0,353.6,5.705,1.0,1.693269766558172,0.731407202437332,0.9769674364525385,3
chitosan,bioglass,0.3,trabecular_high,574.2107187385405,17.207893628869066,80.84938236931004,99.95285588797869,,7.275660073301705,0.5098119099974422,0.09493908639189709,True,True,True,FDM|aligned|s3|l8,FDM,fdm_strut,aligned,0.5,0.247178,287.5,287.5,4.725,0.8455,1.9291514748030123,0.9159515878665346,0.9833190164495157,3
chitosan,bioglass,0.3,trabecular_high,574.2107187385405,17.207893628869066,80.84859462708967,99.95285588797869,,7.275660073301705,0.5098119099974422,0.0949481201493018,True,True,True,FDM|aligned|s3|l10,FDM,fdm_strut,aligned,0.5,0.247178,287.5,287.5,4.725,0.8455,1.949813823182165,0.9212281234989426,0.9934853209912808,3
silk,beta_TCP,0.15,trabecular_high,625.1095971046462,20.30839381614472,90.29983729619858,99.9672003814096,,6.743352491362101,0.516648361822315,0.09540869508667091,True,True,True,TPMS|gyroid|sheet|c1,TPMS,gyroid,sheet,0.5127,0.207658,544.9,353.6,5.188,1.0,1.693269766558172,0.731407202437332,0.9769674364525385,3
PLLA,beta_TCP,0.15,trabecular_high,689.05599401831,23.06944446464048,87.4207762097592,99.9695336209871,,6.593055308009685,0.5697316840051722,0.09563627557054094,True,True,True,TPMS|gyroid|sheet|c1,TPMS,gyroid,sheet,0.5625,0.167078,572.8,306.2,6.257,1.0,1.693269766558172,0.731407202437332,0.9769674364525385,3
silk,bioglass,0.15,trabecular_high,506.0680831826402,16.943049101462062,90.77885361654472,99.96924496945631,,7.092923373371016,0.5644824079197126,0.09629596759629926,True,True,True,TPMS|gyroid|sheet|c1,TPMS,gyroid,sheet,0.5625,0.167078,572.8,306.2,6.257,1.0,1.693269766558172,0.731407202437332,0.9769674364525385,3
chitosan,bioglass,0.3,trabecular_high,562.3421763843052,15.326540508276405,80.89381906870297,99.95296648226766,,7.2827556165786245,0.5632344128431056,0.09646288516036433,True,True,True,TPMS|iwp|network|c2,TPMS,iwp,network,0.5547,0.242069,500.0,375.0,5.305,1.0,1.4786956212166902,0.8153562240264155,0.9932660860986092,3
silk,bioglass,0.15,trabecular_high,562.7969710669078,18.58241160873762,90.76816437268972,99.96919992438666,,7.084604810645017,0.5412142511326328,0.09663311881461861,True,True,True,TPMS|gyroid|sheet|c1,TPMS,gyroid,sheet,0.5391,0.185807,559.0,353.6,5.705,1.0,1.693269766558172,0.731407202437332,0.9769674364525385,3
chitosan,bioglass,0.3,trabecular_high,649.3084616795013,19.38195408734358,80.86000525853052,99.9529001671252,,7.278503726145234,0.5326646143507909,0.09901915238868941,True,True,True,TPMS|schwarzP|network|c2,TPMS,schwarzP,network,0.5234,0.279505,586.3,572.8,4.195,1.0,1.937032810733776,1.0992189577900215,0.9881159725805163,3
PLGA_85_15,bioglass,0.3,trabecular_high,533.8217715887852,18.10074921800646,49.540740683430315,99.23230704793578,38.0,7.24403721701993,0.8976633297427242,0.09901972358407428,True,True,True,TPMS|iwp|sheet|c2,TPMS,iwp,sheet,0.6602,0.161966,306.2,176.8,6.373,1.0,2.4752471349295955,1.6614904795470908,0.740844433071566,3
PLGA_85_15,bioglass,0.3,trabecular_high,533.8217715887852,18.10074921800646,49.540740683430315,99.23230704793578,38.0,7.24403721701993,0.8976633297427242,0.09901972358407428,True,True,True,TPMS|iwp|sheet|c2,TPMS,iwp,sheet,0.6602,0.161966,306.2,176.8,6.373,1.0,2.4752471349295955,1.6614904795470908,0.740844433071566,3
PLGA_85_15,bioglass,0.3,trabecular_high,652.2364302803738,22.299647161483698,49.38455317321989,99.22276862855747,37.0,7.233690851858134,0.8835977244101928,0.09914701233370565,True,True,True,TPMS|iwp|sheet|c2,TPMS,iwp,sheet,0.6133,0.197894,375.0,176.8,5.173,1.0,2.4752471349295955,1.6614904795470908,0.740844433071566,3
chitosan,bioglass,0.3,trabecular_high,585.6169710304364,17.47792291410282,80.86975245318584,99.9529001671252,,7.278503726145234,0.5250162383372285,0.09938019072053571,True,True,True,TPMS|diamond|sheet|c2,TPMS,diamond,sheet,0.5156,0.252088,279.5,176.8,4.652,1.0,1.6811753783608474,0.9232166888950162,0.9935378910108771,3
chitosan,bioglass,0.3,trabecular_high,585.6169710304364,17.47792291410282,80.86975245318584,99.9529001671252,,7.278503726145234,0.5250162383372285,0.09938019072053571,True,True,True,TPMS|diamond|sheet|c2,TPMS,diamond,sheet,0.5156,0.252088,279.5,176.8,4.652,1.0,1.6811753783608474,0.9232166888950162,0.9935378910108771,3
chitosan,bioglass,0.3,trabecular_high,540.0175155848918,16.216054526606765,80.86145771088079,99.9529001671252,,7.278503726145234,0.5258987432618705,0.10016205821662613,True,True,True,FDM|aligned|s2|l8,FDM,fdm_strut,aligned,0.5165,0.232459,454.5,406.6,5.014,0.775,1.8989049388466526,0.8803712068843264,0.9831705924664382,3
chitosan,bioglass,0.3,trabecular_high,546.9077282728273,16.37609212415032,80.89582991282481,99.95296648226766,,7.2827556165786245,0.5555839040179906,0.10106657532856213,True,True,True,TPMS|diamond|sheet|c1,TPMS,diamond,sheet,0.5469,0.235425,515.4,279.5,4.965,1.0,1.4258574162638877,0.7679338765501815,0.9856058001529598,3
