source_doi,source_title,biopolymer_type,material_composition,pore_size_um,porosity_pct,printing_method,layer_thickness_um,density_g_cm3,compressive_strength_MPa,elastic_modulus_MPa,degradation_rate_pct_per_week,cell_viability_pct,bone_regeneration_score,notes
SYNTHETIC_GIBSON_ASHBY,,PLA,PLA,222.44592690173812,74.49302998558997,FDM,141.86137855754316,0.316,9.36,239.8,,,,"synthetic - Gibson-Ashby model, not experimental"
SYNTHETIC_GIBSON_ASHBY,,PLA/HA,PLA/HA (20wt% HA),114.89860971903516,55.31530918111623,freeze drying,165.591392441081,0.725,34.07,4280.3,,,,"synthetic - Gibson-Ashby model, not experimental"
SYNTHETIC_GIBSON_ASHBY,,Chitosan/HA,Chitosan/HA (15wt% HA),394.63284193795437,43.226437322441804,FDM,342.829137003348,0.944,28.71,5575.0,,,,"synthetic - Gibson-Ashby model, not experimental"
SYNTHETIC_GIBSON_ASHBY,,PLGA/HA,PLGA/HA (10wt% HA),207.6568810537944,46.67228050029851,FDM,329.0482387019572,0.811,25.67,2696.1,,,,"synthetic - Gibson-Ashby model, not experimental"
SYNTHETIC_GIBSON_ASHBY,,PGA/HA,PGA/HA (20wt% HA),121.72522146154859,45.871252033320786,FDM,237.82746390155276,1.004,53.72,6959.2,,,,"synthetic - Gibson-Ashby model, not experimental"
SYNTHETIC_GIBSON_ASHBY,,Chitosan/HA,Chitosan/HA (10wt% HA),409.25987618212304,79.7642798551797,freeze drying,358.51207009323315,0.319,4.88,434.9,,,,"synthetic - Gibson-Ashby model, not experimental"
SYNTHETIC_GIBSON_ASHBY,,PCL/HA,PCL/HA (10wt% HA),527.6588605075735,89.11329123964546,salt leaching,359.9451000265809,0.146,2.47,103.5,,,,"synthetic - Gibson-Ashby model, not experimental"
SYNTHETIC_GIBSON_ASHBY,,PGA,PGA,204.75351538574384,52.21085802701296,electrospinning,180.093346614734,0.731,34.12,834.8,,,,"synthetic - Gibson-Ashby model, not experimental"
SYNTHETIC_GIBSON_ASHBY,,PCL/HA,PCL/HA (20wt% HA),181.7012468809642,73.74760787702095,electrospinning,213.83663252729434,0.406,11.33,1333.9,,,,"synthetic - Gibson-Ashby model, not experimental"
SYNTHETIC_GIBSON_ASHBY,,PGA,PGA,116.05012195201888,43.74288431784626,SLS,194.63591441772456,0.861,47.43,963.5,,,,"synthetic - Gibson-Ashby model, not experimental"
SYNTHETIC_GIBSON_ASHBY,,Chitosan/HA,Chitosan/HA (30wt% HA),427.71933264744,48.88067284790867,electrospinning,218.6895703181993,0.984,38.9,7510.5,,,,"synthetic - Gibson-Ashby model, not experimental"
SYNTHETIC_GIBSON_ASHBY,,PCL/HA,PCL/HA (30wt% HA),231.37080426146764,63.682088049789044,freeze drying,275.3757970670622,0.634,23.65,3489.6,,,,"synthetic - Gibson-Ashby model, not experimental"
SYNTHETIC_GIBSON_ASHBY,,PCL/HA,PCL/HA (20wt% HA),477.8910787668689,59.610950093377866,SLA,358.33087289999975,0.624,25.68,3102.8,,,,"synthetic - Gibson-Ashby model, not experimental"
SYNTHETIC_GIBSON_ASHBY,,PLGA/HA,PLGA/HA (20wt% HA),290.8096432532684,33.81166236911743,freeze drying,398.836414072029,1.127,54.71,7946.2,,,,"synthetic - Gibson-Ashby model, not experimental"
SYNTHETIC_GIBSON_ASHBY,,PLA/HA,PLA/HA (30wt% HA),440.8551845132874,73.24330916161168,SLS,261.0910991226385,0.485,17.85,2278.3,,,,"synthetic - Gibson-Ashby model, not experimental"
SYNTHETIC_GIBSON_ASHBY,,PGA/HA,PGA/HA (15wt% HA),101.62265805086464,39.489465260680184,electrospinning,316.6276183929732,1.073,61.2,5604.2,,,,"synthetic - Gibson-Ashby model, not experimental"
SYNTHETIC_GIBSON_ASHBY,,PCL/HA,PCL/HA (20wt% HA),535.2592849183834,84.75767036068923,electrospinning,189.53343743458987,0.236,4.98,426.6,,,,"synthetic - Gibson-Ashby model, not experimental"
SYNTHETIC_GIBSON_ASHBY,,PGA,PGA,489.31323931527913,62.36274180717754,FDM,259.10610165855326,0.576,23.01,510.5,,,,"synthetic - Gibson-Ashby model, not experimental"
SYNTHETIC_GIBSON_ASHBY,,PLA/HA,PLA/HA (10wt% HA),515.8327646805897,82.72331266939105,FDM,192.25423762079845,0.247,6.48,334.5,,,,"synthetic - Gibson-Ashby model, not experimental"
SYNTHETIC_GIBSON_ASHBY,,PLA,PLA,508.01162671004425,73.91445569067767,freeze drying,393.39534810320026,0.323,7.69,257.2,,,,"synthetic - Gibson-Ashby model, not experimental"
SYNTHETIC_GIBSON_ASHBY,,PLGA/HA,PLGA/HA (20wt% HA),363.83689370912697,39.90761753844766,SLA,281.97817524478864,1.023,50.15,7988.5,,,,"synthetic - Gibson-Ashby model, not experimental"
SYNTHETIC_GIBSON_ASHBY,,PCL/HA,PCL/HA (30wt% HA),597.5746783304473,48.7029774780537,salt leaching,294.96341729183604,0.896,42.72,8039.0,,,,"synthetic - Gibson-Ashby model, not experimental"
SYNTHETIC_GIBSON_ASHBY,,PCL,PCL,110.51713000352945,33.84155377958069,freeze drying,266.176456727344,0.758,18.75,160.4,,,,"synthetic - Gibson-Ashby model, not experimental"
SYNTHETIC_GIBSON_ASHBY,,PLA,PLA,115.70647902650907,34.04401968661845,freeze drying,199.1285467241496,0.818,36.58,1402.9,,,,"synthetic - Gibson-Ashby model, not experimental"
SYNTHETIC_GIBSON_ASHBY,,PCL/HA,PCL/HA (20wt% HA),567.7571202903355,37.9387109235015,salt leaching,271.31292799758535,0.959,44.62,6512.1,,,,"synthetic - Gibson-Ashby model, not experimental"
SYNTHETIC_GIBSON_ASHBY,,PLGA,PLGA,429.4913747573315,35.659547789512935,salt leaching,206.28926997686614,0.862,27.58,819.7,,,,"synthetic - Gibson-Ashby model, not experimental"
SYNTHETIC_GIBSON_ASHBY,,PLA,PLA,269.6513026974816,54.15727692613613,SLA,358.50176090583733,0.568,20.39,667.5,,,,"synthetic - Gibson-Ashby model, not experimental"
SYNTHETIC_GIBSON_ASHBY,,PCL/HA,PCL/HA (15wt% HA),331.31403420048366,41.009282147233996,FDM,362.34578622117397,0.853,39.67,4734.0,,,,"synthetic - Gibson-Ashby model, not experimental"
SYNTHETIC_GIBSON_ASHBY,,Chitosan,Chitosan,599.6412342063634,33.03529977149287,FDM,350.80827552398557,0.938,21.19,1517.4,,,,"synthetic - Gibson-Ashby model, not experimental"
SYNTHETIC_GIBSON_ASHBY,,PCL/HA,PCL/HA (15wt% HA),206.87364959959083,59.138467527043105,FDM,220.31208776483578,0.591,17.55,2078.3,,,,"synthetic - Gibson-Ashby model, not experimental"
SYNTHETIC_GIBSON_ASHBY,,PLGA/HA,PLGA/HA (10wt% HA),492.5646783970608,85.59108441356,electrospinning,185.5747686840761,0.219,4.71,255.0,,,,"synthetic - Gibson-Ashby model, not experimental"
SYNTHETIC_GIBSON_ASHBY,,Chitosan/HA,Chitosan/HA (30wt% HA),177.39841263703207,73.10449651777955,FDM,189.01234764836926,0.518,16.17,2155.0,,,,"synthetic - Gibson-Ashby model, not experimental"
SYNTHETIC_GIBSON_ASHBY,,PGA,PGA,338.39425855446746,33.008540235837216,freeze drying,375.81613924962255,1.025,62.41,1409.3,,,,"synthetic - Gibson-Ashby model, not experimental"
SYNTHETIC_GIBSON_ASHBY,,PLA,PLA,133.98043168787862,34.11127996222754,salt leaching,358.5457605910388,0.817,38.83,1346.2,,,,"synthetic - Gibson-Ashby model, not experimental"
SYNTHETIC_GIBSON_ASHBY,,PCL/HA,PCL/HA (20wt% HA),409.69075516605153,65.67114921200647,freeze drying,225.76747460076174,0.531,17.49,2201.2,,,,"synthetic - Gibson-Ashby model, not experimental"
SYNTHETIC_GIBSON_ASHBY,,PGA,PGA,257.091931397788,70.18355848618975,SLA,179.68435375940615,0.456,15.3,327.2,,,,"synthetic - Gibson-Ashby model, not experimental"
SYNTHETIC_GIBSON_ASHBY,,PGA,PGA,410.5796277465464,30.558927413054782,FDM,268.8980936916838,1.062,52.89,1471.7,,,,"synthetic - Gibson-Ashby model, not experimental"
SYNTHETIC_GIBSON_ASHBY,,PGA,PGA,540.4320868432198,85.99556267962254,SLS,363.78107274536285,0.214,5.14,64.2,,,,"synthetic - Gibson-Ashby model, not experimental"
SYNTHETIC_GIBSON_ASHBY,,Chitosan/HA,Chitosan/HA (30wt% HA),591.9266551257411,48.15102857873339,freeze drying,342.12998297954266,0.998,46.81,6667.9,,,,"synthetic - Gibson-Ashby model, not experimental"
SYNTHETIC_GIBSON_ASHBY,,PGA/HA,PGA/HA (30wt% HA),539.063482486796,36.21519011509269,FDM,179.3397764461383,1.286,73.08,12853.1,,,,"synthetic - Gibson-Ashby model, not experimental"
SYNTHETIC_GIBSON_ASHBY,,PGA/HA,PGA/HA (20wt% HA),271.4401438966293,42.63777928841658,SLS,306.24913864039917,1.063,56.28,6855.2,,,,"synthetic - Gibson-Ashby model, not experimental"
SYNTHETIC_GIBSON_ASHBY,,PLA,PLA,514.6740446861097,68.05706683855165,SLS,113.226028539715,0.396,12.22,386.2,,,,"synthetic - Gibson-Ashby model, not experimental"
SYNTHETIC_GIBSON_ASHBY,,PGA,PGA,375.8402105631956,74.47385450087586,FDM,228.3060756942038,0.391,14.62,201.5,,,,"synthetic - Gibson-Ashby model, not experimental"
SYNTHETIC_GIBSON_ASHBY,,PCL/HA,PCL/HA (20wt% HA),284.6079922560958,32.16168828364984,salt leaching,265.7575290234993,1.049,48.45,7488.6,,,,"synthetic - Gibson-Ashby model, not experimental"
SYNTHETIC_GIBSON_ASHBY,,PLA/HA,PLA/HA (10wt% HA),224.76486961146222,42.60459230038524,freeze drying,130.83808650153568,0.821,37.4,4463.7,,,,"synthetic - Gibson-Ashby model, not experimental"
SYNTHETIC_GIBSON_ASHBY,,Chitosan/HA,Chitosan/HA (30wt% HA),564.9405078468371,39.27320029993228,SLA,359.3817088659892,1.169,46.46,11959.3,,,,"synthetic - Gibson-Ashby model, not experimental"
SYNTHETIC_GIBSON_ASHBY,,PGA/HA,PGA/HA (15wt% HA),532.0320141876397,78.13410833622834,SLS,343.22479497231666,0.388,14.09,707.2,,,,"synthetic - Gibson-Ashby model, not experimental"
SYNTHETIC_GIBSON_ASHBY,,PLGA,PLGA,211.2168587728322,81.5155950802669,salt leaching,344.9759816790787,0.248,4.36,65.3,,,,"synthetic - Gibson-Ashby model, not experimental"
SYNTHETIC_GIBSON_ASHBY,,PCL,PCL,196.56489416385432,31.41986608208709,FDM,198.47858535931195,0.785,21.21,214.5,,,,"synthetic - Gibson-Ashby model, not experimental"
SYNTHETIC_GIBSON_ASHBY,,Chitosan/HA,Chitosan/HA (15wt% HA),521.8305816360404,70.77108710161582,FDM,199.34496046432213,0.486,13.48,1213.0,,,,"synthetic - Gibson-Ashby model, not experimental"
SYNTHETIC_GIBSON_ASHBY,,PCL/HA,PCL/HA (20wt% HA),232.7331812614843,87.75205894569334,salt leaching,132.52076416441332,0.189,4.28,262.1,,,,"synthetic - Gibson-Ashby model, not experimental"
SYNTHETIC_GIBSON_ASHBY,,PLGA/HA,PLGA/HA (20wt% HA),157.82289201466523,89.0541509589954,SLA,369.8514198733599,0.186,3.85,217.6,,,,"synthetic - Gibson-Ashby model, not experimental"
SYNTHETIC_GIBSON_ASHBY,,PLA/HA,PLA/HA (20wt% HA),369.22599854639594,85.53450992994496,electrospinning,315.82899974345366,0.235,5.6,466.2,,,,"synthetic - Gibson-Ashby model, not experimental"
SYNTHETIC_GIBSON_ASHBY,,PLGA,PLGA,560.38542810902,86.93246915827885,electrospinning,286.94662298392274,0.175,2.52,37.7,,,,"synthetic - Gibson-Ashby model, not experimental"
SYNTHETIC_GIBSON_ASHBY,,PGA/HA,PGA/HA (20wt% HA),304.1964543096084,48.5570797325192,SLS,220.7201161173174,0.954,46.88,5594.3,,,,"synthetic - Gibson-Ashby model, not experimental"
SYNTHETIC_GIBSON_ASHBY,,PLGA/HA,PLGA/HA (30wt% HA),187.013671604972,74.8880736095334,salt leaching,270.73157645974277,0.473,13.37,1816.7,,,,"synthetic - Gibson-Ashby model, not experimental"
SYNTHETIC_GIBSON_ASHBY,,PGA,PGA,389.992390597841,55.79328899939007,salt leaching,296.4116871109215,0.676,30.94,672.0,,,,"synthetic - Gibson-Ashby model, not experimental"
SYNTHETIC_GIBSON_ASHBY,,Chitosan/HA,Chitosan/HA (15wt% HA),579.9160018415181,77.62412394636013,electrospinning,320.7884337820665,0.372,7.95,703.5,,,,"synthetic - Gibson-Ashby model, not experimental"
SYNTHETIC_GIBSON_ASHBY,,Chitosan/HA,Chitosan/HA (10wt% HA),575.9998312262376,35.60323200453376,SLS,170.46057955800518,1.014,28.91,4451.1,,,,"synthetic - Gibson-Ashby model, not experimental"
SYNTHETIC_GIBSON_ASHBY,,PLA,PLA,337.56817210940255,44.69055264470101,FDM,354.9213083874196,0.686,29.83,1056.4,,,,"synthetic - Gibson-Ashby model, not experimental"
SYNTHETIC_GIBSON_ASHBY,,Chitosan,Chitosan,291.98923369637566,73.10075492993931,SLA,219.8958588629613,0.377,4.16,227.2,,,,"synthetic - Gibson-Ashby model, not experimental"
SYNTHETIC_GIBSON_ASHBY,,PLA/HA,PLA/HA (15wt% HA),502.0549280865715,43.13046820873917,salt leaching,308.77353292247153,0.868,39.76,4609.3,,,,"synthetic - Gibson-Ashby model, not experimental"
SYNTHETIC_GIBSON_ASHBY,,PLA/HA,PLA/HA (15wt% HA),332.32161874911833,38.00034633342173,freeze drying,259.3395657566766,0.946,55.55,6514.3,,,,"synthetic - Gibson-Ashby model, not experimental"
SYNTHETIC_GIBSON_ASHBY,,PLGA/HA,PLGA/HA (20wt% HA),546.0101481705091,78.90039043990103,freeze drying,228.02222705759667,0.359,8.7,858.4,,,,"synthetic - Gibson-Ashby model, not experimental"
SYNTHETIC_GIBSON_ASHBY,,PLGA/HA,PLGA/HA (15wt% HA),223.61986875482978,45.551492907901164,freeze drying,291.2984310328469,0.877,32.4,4485.4,,,,"synthetic - Gibson-Ashby model, not experimental"
SYNTHETIC_GIBSON_ASHBY,,PLGA,PLGA,217.24678900731766,72.81269175666338,freeze drying,200.75426098639417,0.364,6.35,129.2,,,,"synthetic - Gibson-Ashby model, not experimental"
SYNTHETIC_GIBSON_ASHBY,,PLGA/HA,PLGA/HA (30wt% HA),206.97643855299373,39.168315994628884,SLS,224.46036876946545,1.145,57.81,10643.7,,,,"synthetic - Gibson-Ashby model, not experimental"
SYNTHETIC_GIBSON_ASHBY,,PCL/HA,PCL/HA (15wt% HA),484.89788615733164,53.36860876001647,FDM,383.81861007703014,0.674,27.16,3331.6,,,,"synthetic - Gibson-Ashby model, not experimental"
SYNTHETIC_GIBSON_ASHBY,,PLGA/HA,PLGA/HA (15wt% HA),275.87940133591235,30.353765015039585,salt leaching,326.04253751781573,1.122,54.44,7457.4,,,,"synthetic - Gibson-Ashby model, not experimental"
SYNTHETIC_GIBSON_ASHBY,,Chitosan,Chitosan,236.4676558816283,59.29376865301503,salt leaching,245.6925981395501,0.57,9.58,472.7,,,,"synthetic - Gibson-Ashby model, not experimental"
SYNTHETIC_GIBSON_ASHBY,,PLGA/HA,PLGA/HA (30wt% HA),333.69507461615507,39.90268387221053,freeze drying,138.28833918434822,1.132,65.35,10362.2,,,,"synthetic - Gibson-Ashby model, not experimental"
SYNTHETIC_GIBSON_ASHBY,,Chitosan/HA,Chitosan/HA (20wt% HA),141.9737310810001,69.77998541016967,salt leaching,228.58383089832844,0.529,13.57,1685.1,,,,"synthetic - Gibson-Ashby model, not experimental"
SYNTHETIC_GIBSON_ASHBY,,PGA,PGA,268.7502740369353,57.28195950098893,SLS,363.8919958005686,0.654,30.7,687.0,,,,"synthetic - Gibson-Ashby model, not experimental"
SYNTHETIC_GIBSON_ASHBY,,PGA,PGA,474.51213054142534,58.21841017278281,SLS,115.62568247297665,0.639,23.51,560.4,,,,"synthetic - Gibson-Ashby model, not experimental"
SYNTHETIC_GIBSON_ASHBY,,PLA,PLA,199.68034118126644,86.97670396295933,SLA,106.1140051960997,0.161,3.03,54.7,,,,"synthetic - Gibson-Ashby model, not experimental"
SYNTHETIC_GIBSON_ASHBY,,PLA/HA,PLA/HA (20wt% HA),332.5169917176104,86.8654213329991,SLS,176.87310896865597,0.213,5.5,323.1,,,,"synthetic - Gibson-Ashby model, not experimental"
SYNTHETIC_GIBSON_ASHBY,,PLA,PLA,154.04937482880328,87.88324638204526,SLS,107.7035276492398,0.15,3.08,52.6,,,,"synthetic - Gibson-Ashby model, not experimental"
SYNTHETIC_GIBSON_ASHBY,,PLGA/HA,PLGA/HA (15wt% HA),199.16488854585765,86.48823591247859,electrospinning,277.6293583749557,0.218,4.6,256.1,,,,"synthetic - Gibson-Ashby model, not experimental"
SYNTHETIC_GIBSON_ASHBY,,PGA/HA,PGA/HA (30wt% HA),160.52753253365756,66.02469688901064,FDM,395.1533054544014,0.685,31.01,3243.6,,,,"synthetic - Gibson-Ashby model, not experimental"
SYNTHETIC_GIBSON_ASHBY,,PGA,PGA,270.6155874306416,60.35764738062468,salt leaching,354.8726880998732,0.607,28.41,484.9,,,,"synthetic - Gibson-Ashby model, not experimental"
SYNTHETIC_GIBSON_ASHBY,,PLGA/HA,PLGA/HA (30wt% HA),188.0684805430297,39.1794689456316,electrospinning,256.524024081544,1.145,64.77,9780.9,,,,"synthetic - Gibson-Ashby model, not experimental"
SYNTHETIC_GIBSON_ASHBY,,Chitosan/HA,Chitosan/HA (15wt% HA),512.8672992103777,57.89242629807047,SLS,277.74238571911053,0.7,22.45,3146.0,,,,"synthetic - Gibson-Ashby model, not experimental"
SYNTHETIC_GIBSON_ASHBY,,PLA/HA,PLA/HA (10wt% HA),221.931719595478,82.89787104016631,freeze drying,239.4125399809695,0.245,5.95,373.3,,,,"synthetic - Gibson-Ashby model, not experimental"
SYNTHETIC_GIBSON_ASHBY,,PLGA/HA,PLGA/HA (10wt% HA),206.0599250898695,40.91039142946151,SLS,339.34970704842897,0.899,35.05,3521.6,,,,"synthetic - Gibson-Ashby model, not experimental"
SYNTHETIC_GIBSON_ASHBY,,PGA/HA,PGA/HA (20wt% HA),574.0312888885155,30.609066866320628,electrospinning,125.68388858740639,1.287,82.26,9734.3,,,,"synthetic - Gibson-Ashby model, not experimental"
SYNTHETIC_GIBSON_ASHBY,,PCL/HA,PCL/HA (30wt% HA),455.92120323636135,58.565586647049884,FDM,234.45236487597123,0.724,28.84,4111.7,,,,"synthetic - Gibson-Ashby model, not experimental"
SYNTHETIC_GIBSON_ASHBY,,PCL/HA,PCL/HA (10wt% HA),284.51022533051844,69.83760129580895,SLS,266.0418865030749,0.406,11.74,832.5,,,,"synthetic - Gibson-Ashby model, not experimental"
SYNTHETIC_GIBSON_ASHBY,,PGA/HA,PGA/HA (10wt% HA),235.45821348809818,72.17129653114614,FDM,175.42110286028245,0.471,16.64,1003.4,,,,"synthetic - Gibson-Ashby model, not experimental"
SYNTHETIC_GIBSON_ASHBY,,Chitosan/HA,Chitosan/HA (30wt% HA),208.19231993930282,41.10899054625972,electrospinning,245.2595761638126,1.134,55.79,10363.6,,,,"synthetic - Gibson-Ashby model, not experimental"
SYNTHETIC_GIBSON_ASHBY,,Chitosan/HA,Chitosan/HA (10wt% HA),516.3141816635339,88.83063782775079,SLS,188.87393897954334,0.176,1.96,131.9,,,,"synthetic - Gibson-Ashby model, not experimental"
SYNTHETIC_GIBSON_ASHBY,,Chitosan,Chitosan,587.1474655513689,46.45867960699604,electrospinning,266.0076900395825,0.75,14.28,974.6,,,,"synthetic - Gibson-Ashby model, not experimental"
SYNTHETIC_GIBSON_ASHBY,,PLGA,PLGA,387.03210981316613,82.36318409991208,salt leaching,240.81908347915305,0.236,4.22,59.2,,,,"synthetic - Gibson-Ashby model, not experimental"
SYNTHETIC_GIBSON_ASHBY,,PGA/HA,PGA/HA (15wt% HA),132.67171755696626,36.84522844349547,freeze drying,247.5239680873204,1.12,56.51,6826.3,,,,"synthetic - Gibson-Ashby model, not experimental"
SYNTHETIC_GIBSON_ASHBY,,PCL/HA,PCL/HA (20wt% HA),142.59045419811503,86.94753854148188,freeze drying,174.45728656303484,0.202,4.48,336.9,,,,"synthetic - Gibson-Ashby model, not experimental"
SYNTHETIC_GIBSON_ASHBY,,Chitosan,Chitosan,290.1890130732747,76.54161238189303,SLS,372.55131328714117,0.328,4.56,182.9,,,,"synthetic - Gibson-Ashby model, not experimental"
SYNTHETIC_GIBSON_ASHBY,,PGA/HA,PGA/HA (20wt% HA),404.81545612256514,67.26163926432892,SLA,322.02679164536346,0.607,24.37,2313.3,,,,"synthetic - Gibson-Ashby model, not experimental"
SYNTHETIC_GIBSON_ASHBY,,PLA,PLA,375.9961227888795,44.39191066048154,salt leaching,146.95978463294142,0.69,27.71,1066.2,,,,"synthetic - Gibson-Ashby model, not experimental"
SYNTHETIC_GIBSON_ASHBY,,PGA,PGA,453.4779149395166,43.88857407336155,salt leaching,310.89626742811515,0.859,38.67,960.2,,,,"synthetic - Gibson-Ashby model, not experimental"
SYNTHETIC_GIBSON_ASHBY,,PGA/HA,PGA/HA (30wt% HA),501.95284014071694,65.38737535231547,FDM,159.34576412693926,0.698,34.02,3575.4,,,,"synthetic - Gibson-Ashby model, not experimental"
SYNTHETIC_GIBSON_ASHBY,,PGA,PGA,182.96139461036233,34.28459021134885,electrospinning,192.28354378426977,1.005,60.0,1658.5,,,,"synthetic - Gibson-Ashby model, not experimental"
SYNTHETIC_GIBSON_ASHBY,,PLGA,PLGA,252.04559527238337,58.12187821656971,SLS,220.7525557488417,0.561,13.53,350.8,,,,"synthetic - Gibson-Ashby model, not experimental"
SYNTHETIC_GIBSON_ASHBY,,PLA/HA,PLA/HA (20wt% HA),316.0143320803863,32.39164705101678,SLS,196.69647500749,1.097,57.2,8155.1,,,,"synthetic - Gibson-Ashby model, not experimental"
SYNTHETIC_GIBSON_ASHBY,,Chitosan/HA,Chitosan/HA (20wt% HA),599.7862084387257,87.04717666838114,SLS,301.6844752909718,0.227,4.43,350.1,,,,"synthetic - Gibson-Ashby model, not experimental"
SYNTHETIC_GIBSON_ASHBY,,PCL/HA,PCL/HA (15wt% HA),321.1147022101014,61.137830459256236,freeze drying,183.44697173272624,0.562,20.94,2050.0,,,,"synthetic - Gibson-Ashby model, not experimental"
SYNTHETIC_GIBSON_ASHBY,,PLA/HA,PLA/HA (15wt% HA),266.654196832546,50.87766337767903,SLA,301.0400528563556,0.75,36.52,3772.4,,,,"synthetic - Gibson-Ashby model, not experimental"
SYNTHETIC_GIBSON_ASHBY,,PGA/HA,PGA/HA (30wt% HA),506.7830173689863,86.71161237379263,salt leaching,265.0289826915349,0.268,7.17,455.8,,,,"synthetic - Gibson-Ashby model, not experimental"
SYNTHETIC_GIBSON_ASHBY,,PLA/HA,PLA/HA (15wt% HA),512.4636016343504,81.89463504311274,freeze drying,100.34532023443367,0.276,6.69,533.9,,,,"synthetic - Gibson-Ashby model, not experimental"
SYNTHETIC_GIBSON_ASHBY,,Chitosan/HA,Chitosan/HA (10wt% HA),349.2465511910943,67.35803235610268,FDM,232.61228671667843,0.514,11.64,1135.8,,,,"synthetic - Gibson-Ashby model, not experimental"
SYNTHETIC_GIBSON_ASHBY,,PGA/HA,PGA/HA (15wt% HA),342.3558984749991,82.85079704146833,electrospinning,108.66083273249897,0.304,8.51,500.3,,,,"synthetic - Gibson-Ashby model, not experimental"
SYNTHETIC_GIBSON_ASHBY,,PCL/HA,PCL/HA (10wt% HA),376.1257045268665,63.0503404201602,FDM,127.96276038445677,0.497,13.12,1263.1,,,,"synthetic - Gibson-Ashby model, not experimental"
SYNTHETIC_GIBSON_ASHBY,,PCL/HA,PCL/HA (15wt% HA),245.930780130893,85.95918359604627,salt leaching,311.6234889777561,0.203,4.76,300.2,,,,"synthetic - Gibson-Ashby model, not experimental"
SYNTHETIC_GIBSON_ASHBY,,PCL/HA,PCL/HA (15wt% HA),291.79300662357497,63.07590461282818,freeze drying,376.56044497946857,0.534,15.79,2026.4,,,,"synthetic - Gibson-Ashby model, not experimental"
SYNTHETIC_GIBSON_ASHBY,,PLA/HA,PLA/HA (10wt% HA),527.2061899861038,76.36050796062031,freeze drying,201.96257293428866,0.338,8.65,631.5,,,,"synthetic - Gibson-Ashby model, not experimental"
SYNTHETIC_GIBSON_ASHBY,,PGA/HA,PGA/HA (20wt% HA),429.9703765274597,64.79540303300425,salt leaching,359.5781784100728,0.653,27.88,2607.7,,,,"synthetic - Gibson-Ashby model, not experimental"
SYNTHETIC_GIBSON_ASHBY,,Chitosan/HA,Chitosan/HA (20wt% HA),566.4261278576305,52.632603252833164,electrospinning,360.88050497022056,0.829,27.68,4218.4,,,,"synthetic - Gibson-Ashby model, not experimental"
SYNTHETIC_GIBSON_ASHBY,,PLGA,PLGA,336.4881251202072,49.09057963402799,salt leaching,374.02905034588775,0.682,19.05,500.6,,,,"synthetic - Gibson-Ashby model, not experimental"
SYNTHETIC_GIBSON_ASHBY,,PCL/HA,PCL/HA (15wt% HA),163.12313490469435,87.88946630225462,SLS,389.60607705305614,0.175,3.7,225.5,,,,"synthetic - Gibson-Ashby model, not experimental"
SYNTHETIC_GIBSON_ASHBY,,PLGA,PLGA,328.46403723712115,61.557065208453686,salt leaching,316.7331482711928,0.515,13.6,328.5,,,,"synthetic - Gibson-Ashby model, not experimental"
SYNTHETIC_GIBSON_ASHBY,,PLA/HA,PLA/HA (15wt% HA),232.51138977170444,76.8915174763815,salt leaching,286.97782015659936,0.353,12.31,919.3,,,,"synthetic - Gibson-Ashby model, not experimental"
SYNTHETIC_GIBSON_ASHBY,,Chitosan/HA,Chitosan/HA (15wt% HA),413.39958950399387,87.24837555736056,salt leaching,366.231604872797,0.212,2.93,290.1,,,,"synthetic - Gibson-Ashby model, not experimental"
SYNTHETIC_GIBSON_ASHBY,,PLA,PLA,560.4645493901484,67.86966101127842,electrospinning,399.2277768868646,0.398,13.54,316.9,,,,"synthetic - Gibson-Ashby model, not experimental"
SYNTHETIC_GIBSON_ASHBY,,PLA/HA,PLA/HA (15wt% HA),249.73304012203238,39.98188720375351,SLS,108.68417481927042,0.916,43.72,6461.8,,,,"synthetic - Gibson-Ashby model, not experimental"
SYNTHETIC_GIBSON_ASHBY,,PGA/HA,PGA/HA (15wt% HA),365.58315907438003,38.73418774196391,SLA,269.778418574781,1.086,54.47,5571.7,,,,"synthetic - Gibson-Ashby model, not experimental"
SYNTHETIC_GIBSON_ASHBY,,PLGA/HA,PLGA/HA (20wt% HA),348.8336261839755,70.98807479776283,SLA,274.94713919561593,0.494,14.47,1630.5,,,,"synthetic - Gibson-Ashby model, not experimental"
SYNTHETIC_GIBSON_ASHBY,,PGA/HA,PGA/HA (30wt% HA),502.31653848757315,30.563845887292263,electrospinning,370.3628270796649,1.4,80.74,14397.5,,,,"synthetic - Gibson-Ashby model, not experimental"
SYNTHETIC_GIBSON_ASHBY,,PGA/HA,PGA/HA (20wt% HA),581.014536411721,47.94925494742633,salt leaching,307.0940537380387,0.965,47.83,6219.1,,,,"synthetic - Gibson-Ashby model, not experimental"
SYNTHETIC_GIBSON_ASHBY,,PLGA/HA,PLGA/HA (15wt% HA),290.68214882881455,36.399196045341654,SLS,207.68774727317376,1.025,41.66,7057.3,,,,"synthetic - Gibson-Ashby model, not experimental"
SYNTHETIC_GIBSON_ASHBY,,PLGA/HA,PLGA/HA (10wt% HA),532.5336988486331,30.485877945689413,FDM,333.4934847310234,1.057,46.67,5861.7,,,,"synthetic - Gibson-Ashby model, not experimental"
SYNTHETIC_GIBSON_ASHBY,,PGA,PGA,276.1604779176582,66.42389988985596,freeze drying,290.9853634017676,0.514,20.95,365.1,,,,"synthetic - Gibson-Ashby model, not experimental"
SYNTHETIC_GIBSON_ASHBY,,PCL/HA,PCL/HA (30wt% HA),413.72905390836524,35.829835788937075,salt leaching,111.82677218824522,1.121,58.2,9660.8,,,,"synthetic - Gibson-Ashby model, not experimental"
SYNTHETIC_GIBSON_ASHBY,,PCL,PCL,263.35956285700524,84.5776687391596,SLA,224.65092802563322,0.177,2.45,8.5,,,,"synthetic - Gibson-Ashby model, not experimental"
SYNTHETIC_GIBSON_ASHBY,,PGA/HA,PGA/HA (20wt% HA),236.26367535618178,60.107685735890406,salt leaching,149.36332611062394,0.74,33.11,3774.2,,,,"synthetic - Gibson-Ashby model, not experimental"
SYNTHETIC_GIBSON_ASHBY,,PGA,PGA,137.64968045337875,58.09988333116172,SLA,326.2454479184006,0.641,28.95,680.9,,,,"synthetic - Gibson-Ashby model, not experimental"
SYNTHETIC_GIBSON_ASHBY,,PLGA/HA,PLGA/HA (20wt% HA),495.34098429446874,51.94650296433399,freeze drying,104.17559653027035,0.818,32.0,4014.8,,,,"synthetic - Gibson-Ashby model, not experimental"
SYNTHETIC_GIBSON_ASHBY,,PGA/HA,PGA/HA (20wt% HA),419.27463390041845,52.86152995634852,electrospinning,211.44209230321516,0.874,38.85,4252.8,,,,"synthetic - Gibson-Ashby model, not experimental"
SYNTHETIC_GIBSON_ASHBY,,Chitosan/HA,Chitosan/HA (10wt% HA),210.68360003699502,84.91535452458956,salt leaching,118.96511234805863,0.238,3.39,298.9,,,,"synthetic - Gibson-Ashby model, not experimental"
SYNTHETIC_GIBSON_ASHBY,,PLGA,PLGA,573.130766440973,38.386620750433266,salt leaching,191.30937530680157,0.826,22.26,671.8,,,,"synthetic - Gibson-Ashby model, not experimental"
SYNTHETIC_GIBSON_ASHBY,,Chitosan,Chitosan,285.50575774344134,53.31874986900855,electrospinning,384.8142305235716,0.654,10.89,741.2,,,,"synthetic - Gibson-Ashby model, not experimental"
SYNTHETIC_GIBSON_ASHBY,,PCL/HA,PCL/HA (15wt% HA),516.8465416481608,69.29531384960784,SLS,284.69566421534694,0.444,12.92,1121.9,,,,"synthetic - Gibson-Ashby model, not experimental"
SYNTHETIC_GIBSON_ASHBY,,PLGA/HA,PLGA/HA (15wt% HA),527.7250966529773,87.03331019108562,electrospinning,129.8063873818391,0.209,4.58,245.4,,,,"synthetic - Gibson-Ashby model, not experimental"
SYNTHETIC_GIBSON_ASHBY,,PGA,PGA,194.90428108053976,53.88837856466239,salt leaching,136.64791572617912,0.706,28.61,653.0,,,,"synthetic - Gibson-Ashby model, not experimental"
SYNTHETIC_GIBSON_ASHBY,,Chitosan,Chitosan,266.754578216258,33.03471063977238,freeze drying,396.6462711824265,0.938,21.08,1226.3,,,,"synthetic - Gibson-Ashby model, not experimental"
SYNTHETIC_GIBSON_ASHBY,,Chitosan,Chitosan,506.52649056052945,65.18298501489372,SLA,169.89960371380943,0.487,7.4,395.2,,,,"synthetic - Gibson-Ashby model, not experimental"
SYNTHETIC_GIBSON_ASHBY,,PGA,PGA,370.1077284315757,89.25163826197034,FDM,339.5541470672871,0.164,3.02,42.4,,,,"synthetic - Gibson-Ashby model, not experimental"
SYNTHETIC_GIBSON_ASHBY,,PLA/HA,PLA/HA (10wt% HA),218.96580304523152,77.39907985408523,SLA,197.13143858860673,0.323,8.44,576.9,,,,"synthetic - Gibson-Ashby model, not experimental"
SYNTHETIC_GIBSON_ASHBY,,PLGA/HA,PLGA/HA (20wt% HA),131.77901907356812,36.818958407192795,SLS,234.48256428096525,1.075,44.33,7855.1,,,,"synthetic - Gibson-Ashby model, not experimental"
SYNTHETIC_GIBSON_ASHBY,,Chitosan,Chitosan,121.68251844958586,86.72493857820638,electrospinning,334.96809879411387,0.186,1.67,53.2,,,,"synthetic - Gibson-Ashby model, not experimental"
SYNTHETIC_GIBSON_ASHBY,,PLA,PLA,523.6492715836214,89.91520530535962,FDM,227.88208578399752,0.125,2.34,35.5,,,,"synthetic - Gibson-Ashby model, not experimental"
SYNTHETIC_GIBSON_ASHBY,,PLA,PLA,174.1669128301823,49.32670918477956,freeze drying,137.85747649151682,0.628,23.79,934.6,,,,"synthetic - Gibson-Ashby model, not experimental"
SYNTHETIC_GIBSON_ASHBY,,PGA/HA,PGA/HA (15wt% HA),365.27841871566227,89.6776653516554,freeze drying,236.1146252726415,0.183,4.69,171.9,,,,"synthetic - Gibson-Ashby model, not experimental"
SYNTHETIC_GIBSON_ASHBY,,PLA/HA,PLA/HA (30wt% HA),484.4813650523693,69.05499989287833,SLA,316.2519749972797,0.561,26.04,2760.9,,,,"synthetic - Gibson-Ashby model, not experimental"
SYNTHETIC_GIBSON_ASHBY,,PLGA/HA,PLGA/HA (10wt% HA),299.36509212847665,79.64515348680268,SLS,318.8837522903513,0.31,7.23,437.6,,,,"synthetic - Gibson-Ashby model, not experimental"
SYNTHETIC_GIBSON_ASHBY,,PGA,PGA,337.13394279455133,71.2092621280186,FDM,127.3674365098146,0.44,13.58,254.7,,,,"synthetic - Gibson-Ashby model, not experimental"
SYNTHETIC_GIBSON_ASHBY,,PGA,PGA,393.2325413697385,63.38224413692101,SLS,268.47592419762174,0.56,21.57,493.2,,,,"synthetic - Gibson-Ashby model, not experimental"
SYNTHETIC_GIBSON_ASHBY,,PLGA/HA,PLGA/HA (30wt% HA),243.81470382366362,33.086764798342564,FDM,193.73466972629618,1.26,62.52,13013.0,,,,"synthetic - Gibson-Ashby model, not experimental"
SYNTHETIC_GIBSON_ASHBY,,PLGA,PLGA,275.0569971105956,80.83649088809716,FDM,266.87964283129804,0.257,4.29,79.2,,,,"synthetic - Gibson-Ashby model, not experimental"
SYNTHETIC_GIBSON_ASHBY,,PLGA/HA,PLGA/HA (20wt% HA),509.2134297703348,88.4727961275425,electrospinning,284.07198416063943,0.196,4.04,264.9,,,,"synthetic - Gibson-Ashby model, not experimental"
SYNTHETIC_GIBSON_ASHBY,,PGA,PGA,451.34938643280236,40.824964317651265,SLS,192.69540664897306,0.905,41.17,1170.8,,,,"synthetic - Gibson-Ashby model, not experimental"
SYNTHETIC_GIBSON_ASHBY,,PCL/HA,PCL/HA (20wt% HA),134.79271062416822,69.44067809020774,FDM,322.29071773552596,0.472,15.68,1501.3,,,,"synthetic - Gibson-Ashby model, not experimental"
SYNTHETIC_GIBSON_ASHBY,,PLGA/HA,PLGA/HA (15wt% HA),178.70463792254435,57.21874744038104,SLS,193.49121091126491,0.689,24.98,3013.0,,,,"synthetic - Gibson-Ashby model, not experimental"
SYNTHETIC_GIBSON_ASHBY,,PLA,PLA,477.21793956249275,39.3347942042693,FDM,114.92874772988715,0.752,32.21,1200.0,,,,"synthetic - Gibson-Ashby model, not experimental"
SYNTHETIC_GIBSON_ASHBY,,PLGA/HA,PLGA/HA (20wt% HA),236.58342218238474,56.52265120186675,FDM,326.4829431005112,0.74,25.32,3532.9,,,,"synthetic - Gibson-Ashby model, not experimental"
SYNTHETIC_GIBSON_ASHBY,,Chitosan/HA,Chitosan/HA (15wt% HA),254.2096959256282,61.61604642888869,freeze drying,166.15553065075738,0.638,16.2,2048.9,,,,"synthetic - Gibson-Ashby model, not experimental"
SYNTHETIC_GIBSON_ASHBY,,PCL,PCL,244.7235656087188,75.84965374567486,salt leaching,135.99530311166473,0.277,4.29,25.1,,,,"synthetic - Gibson-Ashby model, not experimental"
SYNTHETIC_GIBSON_ASHBY,,PLGA/HA,PLGA/HA (20wt% HA),350.1311732781066,72.22027580295982,SLS,350.00626072596344,0.473,16.23,1318.4,,,,"synthetic - Gibson-Ashby model, not experimental"
SYNTHETIC_GIBSON_ASHBY,,PLA/HA,PLA/HA (15wt% HA),560.5812172512062,31.124492195138743,freeze drying,358.63300408361994,1.051,55.66,7649.7,,,,"synthetic - Gibson-Ashby model, not experimental"
SYNTHETIC_GIBSON_ASHBY,,PLGA/HA,PLGA/HA (10wt% HA),110.4282795123744,36.91040235982789,freeze drying,197.43045383365416,0.96,39.72,4247.3,,,,"synthetic - Gibson-Ashby model, not experimental"
SYNTHETIC_GIBSON_ASHBY,,PGA,PGA,152.93156669779296,56.20270677409367,salt leaching,230.70295808212,0.67,28.08,676.2,,,,"synthetic - Gibson-Ashby model, not experimental"
SYNTHETIC_GIBSON_ASHBY,,PGA/HA,PGA/HA (30wt% HA),266.53431124656595,50.37079686890783,freeze drying,150.43981241370597,1.001,56.45,7543.6,,,,"synthetic - Gibson-Ashby model, not experimental"
SYNTHETIC_GIBSON_ASHBY,,PCL/HA,PCL/HA (10wt% HA),579.1116744985752,51.06598409744163,SLA,293.63289285086915,0.658,20.2,2064.0,,,,"synthetic - Gibson-Ashby model, not experimental"
SYNTHETIC_GIBSON_ASHBY,,PCL,PCL,480.10764777344605,66.14393911638996,SLA,296.65270315562174,0.388,8.18,52.1,,,,"synthetic - Gibson-Ashby model, not experimental"
SYNTHETIC_GIBSON_ASHBY,,PLGA/HA,PLGA/HA (20wt% HA),324.45262849753146,75.59262897646491,freeze drying,377.2462775156978,0.415,13.82,1217.7,,,,"synthetic - Gibson-Ashby model, not experimental"
SYNTHETIC_GIBSON_ASHBY,,PGA/HA,PGA/HA (30wt% HA),319.881408170932,48.96833366943481,electrospinning,240.67632505791198,1.029,54.39,7215.8,,,,"synthetic - Gibson-Ashby model, not experimental"
SYNTHETIC_GIBSON_ASHBY,,PLA/HA,PLA/HA (10wt% HA),255.20392530315547,60.44021311738669,FDM,235.57415911020468,0.566,20.61,1826.6,,,,"synthetic - Gibson-Ashby model, not experimental"
SYNTHETIC_GIBSON_ASHBY,,PLA/HA,PLA/HA (20wt% HA),292.24123829123243,65.64478911775402,electrospinning,274.09882222335716,0.557,22.21,2746.5,,,,"synthetic - Gibson-Ashby model, not experimental"
SYNTHETIC_GIBSON_ASHBY,,Chitosan/HA,Chitosan/HA (30wt% HA),402.5029170350321,41.2943679041535,FDM,250.41019056184828,1.13,56.31,9880.0,,,,"synthetic - Gibson-Ashby model, not experimental"
SYNTHETIC_GIBSON_ASHBY,,PGA/HA,PGA/HA (30wt% HA),423.06354557185955,35.05974792147383,electrospinning,111.74263786020214,1.309,82.21,12187.9,,,,"synthetic - Gibson-Ashby model, not experimental"
SYNTHETIC_GIBSON_ASHBY,,Chitosan/HA,Chitosan/HA (20wt% HA),286.4259910506636,39.52477247889249,salt leaching,184.86807358432537,1.058,43.61,8075.1,,,,"synthetic - Gibson-Ashby model, not experimental"
SYNTHETIC_GIBSON_ASHBY,,PLA/HA,PLA/HA (30wt% HA),132.95592713985872,68.83832141815842,electrospinning,128.3517842545283,0.565,21.82,2762.4,,,,"synthetic - Gibson-Ashby model, not experimental"
SYNTHETIC_GIBSON_ASHBY,,Chitosan,Chitosan,391.3697572932098,50.001722163633396,SLS,142.42851417529533,0.7,12.95,707.3,,,,"synthetic - Gibson-Ashby model, not experimental"
SYNTHETIC_GIBSON_ASHBY,,PLGA,PLGA,569.0010997828804,65.70247368909449,salt leaching,192.87456622478828,0.46,9.53,245.4,,,,"synthetic - Gibson-Ashby model, not experimental"
SYNTHETIC_GIBSON_ASHBY,,PCL/HA,PCL/HA (30wt% HA),573.5543122096906,72.16985232932521,freeze drying,399.14923388976104,0.486,18.21,1855.2,,,,"synthetic - Gibson-Ashby model, not experimental"
SYNTHETIC_GIBSON_ASHBY,,Chitosan/HA,Chitosan/HA (10wt% HA),254.43303503194045,31.093832267491962,SLS,385.3507940788403,1.085,35.03,6301.3,,,,"synthetic - Gibson-Ashby model, not experimental"
SYNTHETIC_GIBSON_ASHBY,,PCL,PCL,247.8960508273109,39.29671037666429,freeze drying,336.43605210142005,0.695,20.82,159.4,,,,"synthetic - Gibson-Ashby model, not experimental"
SYNTHETIC_GIBSON_ASHBY,,Chitosan,Chitosan,538.1963862713709,69.71575424228506,freeze drying,285.4094396480524,0.424,5.24,265.0,,,,"synthetic - Gibson-Ashby model, not experimental"
SYNTHETIC_GIBSON_ASHBY,,Chitosan,Chitosan,121.84621397725716,73.27097986832563,electrospinning,209.2898242392307,0.374,4.76,197.5,,,,"synthetic - Gibson-Ashby model, not experimental"
SYNTHETIC_GIBSON_ASHBY,,PGA/HA,PGA/HA (30wt% HA),217.00147216771222,77.02802156609056,salt leaching,171.75054917365583,0.463,16.0,1742.5,,,,"synthetic - Gibson-Ashby model, not experimental"
SYNTHETIC_GIBSON_ASHBY,,Chitosan/HA,Chitosan/HA (15wt% HA),240.8858663518877,57.70079870645935,freeze drying,214.56173025721313,0.703,18.48,2801.6,,,,"synthetic - Gibson-Ashby model, not experimental"
SYNTHETIC_GIBSON_ASHBY,,PCL/HA,PCL/HA (20wt% HA),225.00160579450352,38.303912076205876,SLS,292.35371086133415,0.954,39.27,7087.4,,,,"synthetic - Gibson-Ashby model, not experimental"
SYNTHETIC_GIBSON_ASHBY,,Chitosan,Chitosan,481.55841514584546,47.103780843559704,freeze drying,181.837389877407,0.741,13.21,750.6,,,,"synthetic - Gibson-Ashby model, not experimental"
SYNTHETIC_GIBSON_ASHBY,,PCL/HA,PCL/HA (15wt% HA),565.2359635631374,83.07778642308045,salt leaching,224.46907174570163,0.245,5.06,396.6,,,,"synthetic - Gibson-Ashby model, not experimental"
SYNTHETIC_GIBSON_ASHBY,,PLA/HA,PLA/HA (10wt% HA),259.3424377248656,43.472325516426956,electrospinning,129.7249373179144,0.809,40.9,4057.0,,,,"synthetic - Gibson-Ashby model, not experimental"
SYNTHETIC_GIBSON_ASHBY,,PCL,PCL,514.8807915764113,47.21276383879609,SLA,308.8215965727951,0.604,15.2,120.1,,,,"synthetic - Gibson-Ashby model, not experimental"
SYNTHETIC_GIBSON_ASHBY,,Chitosan,Chitosan,109.50194245548519,84.35144934619625,SLA,164.69642334050633,0.219,2.31,74.5,,,,"synthetic - Gibson-Ashby model, not experimental"
SYNTHETIC_GIBSON_ASHBY,,Chitosan/HA,Chitosan/HA (15wt% HA),244.05078901961528,36.671211619454304,FDM,190.345358375866,1.053,39.24,5931.8,,,,"synthetic - Gibson-Ashby model, not experimental"
SYNTHETIC_GIBSON_ASHBY,,Chitosan/HA,Chitosan/HA (15wt% HA),518.3438603026676,33.76842906066383,freeze drying,249.9487666712829,1.101,40.48,6019.2,,,,"synthetic - Gibson-Ashby model, not experimental"
SYNTHETIC_GIBSON_ASHBY,,PCL/HA,PCL/HA (30wt% HA),314.6194465516669,38.614610414775605,SLA,284.4428748327852,1.072,51.43,10497.5,,,,"synthetic - Gibson-Ashby model, not experimental"
SYNTHETIC_GIBSON_ASHBY,,PLA/HA,PLA/HA (20wt% HA),133.83966145442304,88.4792694571333,freeze drying,257.81783359665116,0.187,4.39,299.8,,,,"synthetic - Gibson-Ashby model, not experimental"
SYNTHETIC_GIBSON_ASHBY,,PLA/HA,PLA/HA (15wt% HA),121.76721258338831,82.39988631165106,SLS,216.06439645820728,0.269,6.33,472.6,,,,"synthetic - Gibson-Ashby model, not experimental"
SYNTHETIC_GIBSON_ASHBY,,PLA/HA,PLA/HA (10wt% HA),428.55220000541567,44.46755546313868,freeze drying,131.09916024990684,0.795,34.78,4011.2,,,,"synthetic - Gibson-Ashby model, not experimental"
SYNTHETIC_GIBSON_ASHBY,,PLA/HA,PLA/HA (10wt% HA),506.7544327780441,62.76082471246149,electrospinning,152.52673811551253,0.533,21.29,1667.0,,,,"synthetic - Gibson-Ashby model, not experimental"
SYNTHETIC_GIBSON_ASHBY,,PCL,PCL,488.09519985171084,33.786032221933475,SLS,237.30387323420595,0.758,23.43,159.7,,,,"synthetic - Gibson-Ashby model, not experimental"
SYNTHETIC_GIBSON_ASHBY,,PLA/HA,PLA/HA (10wt% HA),357.6917946272494,86.00225879702384,freeze drying,396.736810688837,0.2,3.99,236.2,,,,"synthetic - Gibson-Ashby model, not experimental"
SYNTHETIC_GIBSON_ASHBY,,PCL/HA,PCL/HA (10wt% HA),490.4207834892125,51.418450562121805,SLS,359.73948312341724,0.654,24.36,2058.8,,,,"synthetic - Gibson-Ashby model, not experimental"
SYNTHETIC_GIBSON_ASHBY,,PLGA/HA,PLGA/HA (15wt% HA),547.3187474775266,74.59846233117727,SLA,215.99343047820764,0.409,11.19,979.6,,,,"synthetic - Gibson-Ashby model, not experimental"
SYNTHETIC_GIBSON_ASHBY,,Chitosan/HA,Chitosan/HA (10wt% HA),463.5406621713179,78.06888524410643,freeze drying,123.67810181664036,0.345,5.71,646.3,,,,"synthetic - Gibson-Ashby model, not experimental"
SYNTHETIC_GIBSON_ASHBY,,PGA/HA,PGA/HA (10wt% HA),263.9599526707799,36.15587446692686,salt leaching,188.6919848021027,1.08,59.86,5104.9,,,,"synthetic - Gibson-Ashby model, not experimental"
SYNTHETIC_GIBSON_ASHBY,,PLGA/HA,PLGA/HA (10wt% HA),463.40719785555143,56.827779580215434,freeze drying,373.4821692538842,0.657,19.84,2313.8,,,,"synthetic - Gibson-Ashby model, not experimental"
SYNTHETIC_GIBSON_ASHBY,,PLA,PLA,303.1051157538262,70.27103333362007,electrospinning,253.92580583936564,0.369,11.97,326.0,,,,"synthetic - Gibson-Ashby model, not experimental"
SYNTHETIC_GIBSON_ASHBY,,PCL/HA,PCL/HA (20wt% HA),319.08641247003885,70.68533231972692,SLA,137.86900729067628,0.453,14.02,1705.9,,,,"synthetic - Gibson-Ashby model, not experimental"
SYNTHETIC_GIBSON_ASHBY,,PLGA/HA,PLGA/HA (20wt% HA),176.71908169635407,31.94311943878002,SLS,234.97677061443818,1.158,60.58,8729.6,,,,"synthetic - Gibson-Ashby model, not experimental"
SYNTHETIC_GIBSON_ASHBY,,Chitosan,Chitosan,299.017022976225,61.767592892177376,SLA,294.86822101180945,0.535,7.1,499.1,,,,"synthetic - Gibson-Ashby model, not experimental"
SYNTHETIC_GIBSON_ASHBY,,PCL/HA,PCL/HA (15wt% HA),556.7712529065933,61.06471645250352,SLS,135.32829864720256,0.563,17.55,2226.5,,,,"synthetic - Gibson-Ashby model, not experimental"
SYNTHETIC_GIBSON_ASHBY,,Chitosan/HA,Chitosan/HA (10wt% HA),599.3144217550762,71.63883846244764,SLA,160.05350229733605,0.447,9.16,1040.7,,,,"synthetic - Gibson-Ashby model, not experimental"
SYNTHETIC_GIBSON_ASHBY,,PLGA,PLGA,583.7806181815312,78.63079310145791,electrospinning,395.9723978927458,0.286,4.29,87.1,,,,"synthetic - Gibson-Ashby model, not experimental"
SYNTHETIC_GIBSON_ASHBY,,Chitosan/HA,Chitosan/HA (10wt% HA),525.681025376563,83.47990094123334,electrospinning,313.5427312021638,0.26,4.49,332.5,,,,"synthetic - Gibson-Ashby model, not experimental"
SYNTHETIC_GIBSON_ASHBY,,Chitosan,Chitosan,200.49018558884288,37.281747304707416,salt leaching,141.6630616115097,0.878,17.67,1012.4,,,,"synthetic - Gibson-Ashby model, not experimental"
SYNTHETIC_GIBSON_ASHBY,,PGA/HA,PGA/HA (15wt% HA),375.8234669632138,78.21970357731519,FDM,283.5845087861563,0.386,12.81,679.7,,,,"synthetic - Gibson-Ashby model, not experimental"
SYNTHETIC_GIBSON_ASHBY,,PLGA/HA,PLGA/HA (20wt% HA),304.7167637323565,54.64770723991001,SLA,272.47015254292796,0.772,31.85,4602.7,,,,"synthetic - Gibson-Ashby model, not experimental"
SYNTHETIC_GIBSON_ASHBY,,PLGA/HA,PLGA/HA (15wt% HA),272.25739035134984,70.80653943897485,freeze drying,363.38804549512355,0.47,12.48,1349.8,,,,"synthetic - Gibson-Ashby model, not experimental"
SYNTHETIC_GIBSON_ASHBY,,PCL/HA,PCL/HA (15wt% HA),534.1058137096943,60.17182718696248,freeze drying,349.41724194026244,0.576,17.86,1966.9,,,,"synthetic - Gibson-Ashby model, not experimental"
SYNTHETIC_GIBSON_ASHBY,,PGA/HA,PGA/HA (30wt% HA),573.7415684048237,43.528217082928,SLS,255.66933802126178,1.138,62.82,10366.5,,,,"synthetic - Gibson-Ashby model, not experimental"
SYNTHETIC_GIBSON_ASHBY,,Chitosan/HA,Chitosan/HA (10wt% HA),251.41230305443804,37.51021770761416,freeze drying,260.04340893051415,0.984,31.22,4762.1,,,,"synthetic - Gibson-Ashby model, not experimental"
SYNTHETIC_GIBSON_ASHBY,,Chitosan,Chitosan,412.23959371683287,40.27203738334754,SLS,370.6002681072181,0.836,16.46,1180.2,,,,"synthetic - Gibson-Ashby model, not experimental"
SYNTHETIC_GIBSON_ASHBY,,PLA,PLA,420.72686691218007,32.72770819748052,electrospinning,273.03136944321375,0.834,36.64,1446.5,,,,"synthetic - Gibson-Ashby model, not experimental"
SYNTHETIC_GIBSON_ASHBY,,Chitosan/HA,Chitosan/HA (30wt% HA),544.4984407244772,31.817153914885843,electrospinning,263.67324506418026,1.313,64.13,15381.6,,,,"synthetic - Gibson-Ashby model, not experimental"
SYNTHETIC_GIBSON_ASHBY,,PLGA/HA,PLGA/HA (10wt% HA),444.3067858364918,57.212647977310276,salt leaching,147.42413410456214,0.651,19.13,1967.9,,,,"synthetic - Gibson-Ashby model, not experimental"
SYNTHETIC_GIBSON_ASHBY,,Chitosan,Chitosan,459.18144255621877,48.754949954815984,SLS,320.25992644136403,0.717,11.42,900.2,,,,"synthetic - Gibson-Ashby model, not experimental"
SYNTHETIC_GIBSON_ASHBY,,PGA/HA,PGA/HA (20wt% HA),259.5579432015786,63.69907294490215,SLS,239.94177011219094,0.673,27.32,2699.5,,,,"synthetic - Gibson-Ashby model, not experimental"
SYNTHETIC_GIBSON_ASHBY,,PLA/HA,PLA/HA (10wt% HA),532.0819251812154,86.72309356219313,SLA,225.44042300046297,0.19,4.84,234.3,,,,"synthetic - Gibson-Ashby model, not experimental"
SYNTHETIC_GIBSON_ASHBY,,PGA,PGA,349.13277102995437,75.78728250831772,salt leaching,254.41745176944534,0.37,11.9,228.5,,,,"synthetic - Gibson-Ashby model, not experimental"
SYNTHETIC_GIBSON_ASHBY,,PLA/HA,PLA/HA (15wt% HA),583.3433152762377,60.326667781426295,SLS,164.54332675787234,0.606,23.41,2242.0,,,,"synthetic - Gibson-Ashby model, not experimental"
SYNTHETIC_GIBSON_ASHBY,,Chitosan/HA,Chitosan/HA (30wt% HA),242.87419072050878,70.35123622592695,FDM,102.45322178417227,0.571,20.61,2505.0,,,,"synthetic - Gibson-Ashby model, not experimental"
SYNTHETIC_GIBSON_ASHBY,,PGA/HA,PGA/HA (15wt% HA),300.2908105073783,51.956241151053774,SLA,271.0844931643088,0.852,40.55,3645.9,,,,"synthetic - Gibson-Ashby model, not experimental"
SYNTHETIC_GIBSON_ASHBY,,PLGA/HA,PLGA/HA (20wt% HA),374.92854475870973,57.02126283842509,freeze drying,347.593395387584,0.731,24.95,3816.4,,,,"synthetic - Gibson-Ashby model, not experimental"
SYNTHETIC_GIBSON_ASHBY,,PLA/HA,PLA/HA (15wt% HA),593.3938322182197,52.3919001794892,SLS,267.3495514816386,0.727,29.96,4019.7,,,,"synthetic - Gibson-Ashby model, not experimental"
SYNTHETIC_GIBSON_ASHBY,,Chitosan/HA,Chitosan/HA (15wt% HA),122.65167623353736,60.004674214238634,SLS,141.11091207025612,0.665,19.02,2801.5,,,,"synthetic - Gibson-Ashby model, not experimental"
SYNTHETIC_GIBSON_ASHBY,,PCL/HA,PCL/HA (20wt% HA),169.89049288617758,83.58790152468043,SLS,379.41062065899695,0.254,7.02,443.5,,,,"synthetic - Gibson-Ashby model, not experimental"
SYNTHETIC_GIBSON_ASHBY,,PGA/HA,PGA/HA (20wt% HA),514.144692978688,50.1824071291007,electrospinning,259.7019489627629,0.924,48.86,5259.6,,,,"synthetic - Gibson-Ashby model, not experimental"
SYNTHETIC_GIBSON_ASHBY,,PLA/HA,PLA/HA (10wt% HA),154.80229474566138,49.87437561473536,SLS,224.96208082966984,0.717,33.53,3324.6,,,,"synthetic - Gibson-Ashby model, not experimental"
SYNTHETIC_GIBSON_ASHBY,,PLA/HA,PLA/HA (20wt% HA),583.5353480860255,58.475412845103634,freeze drying,334.8711974294264,0.674,31.96,3670.1,,,,"synthetic - Gibson-Ashby model, not experimental"
SYNTHETIC_GIBSON_ASHBY,,Chitosan/HA,Chitosan/HA (15wt% HA),414.51262057268184,40.23072370479956,salt leaching,285.9207416503268,0.994,36.41,5127.8,,,,"synthetic - Gibson-Ashby model, not experimental"
SYNTHETIC_GIBSON_ASHBY,,PLA/HA,PLA/HA (20wt% HA),154.9477606668484,86.89231024705808,SLS,105.68121025198377,0.213,5.18,348.7,,,,"synthetic - Gibson-Ashby model, not experimental"
SYNTHETIC_GIBSON_ASHBY,,PCL/HA,PCL/HA (15wt% HA),405.7390299458837,60.109170276659256,electrospinning,241.48163916055344,0.577,21.13,2352.6,,,,"synthetic - Gibson-Ashby model, not experimental"
SYNTHETIC_GIBSON_ASHBY,,Chitosan,Chitosan,599.0614342027411,63.65320637451836,salt leaching,243.51129500302034,0.509,6.92,374.2,,,,"synthetic - Gibson-Ashby model, not experimental"
SYNTHETIC_GIBSON_ASHBY,,Chitosan/HA,Chitosan/HA (10wt% HA),437.934288278184,62.77639315468981,electrospinning,360.296321036498,0.586,14.78,1690.8,,,,"synthetic - Gibson-Ashby model, not experimental"
SYNTHETIC_GIBSON_ASHBY,,Chitosan/HA,Chitosan/HA (15wt% HA),223.2595677636802,41.535850148202805,SLA,267.42599524222123,0.972,38.25,6212.6,,,,"synthetic - Gibson-Ashby model, not experimental"
SYNTHETIC_GIBSON_ASHBY,,PGA/HA,PGA/HA (30wt% HA),452.4941298700984,42.436667691278416,SLS,195.11222350553442,1.16,78.99,9935.4,,,,"synthetic - Gibson-Ashby model, not experimental"
SYNTHETIC_GIBSON_ASHBY,,PGA/HA,PGA/HA (10wt% HA),438.3111228912729,37.312446343962904,salt leaching,213.90825561231475,1.061,67.68,5230.7,,,,"synthetic - Gibson-Ashby model, not experimental"
SYNTHETIC_GIBSON_ASHBY,,PCL/HA,PCL/HA (10wt% HA),577.656858839621,32.52398920996353,salt leaching,123.7088308029551,0.908,39.3,4461.0,,,,"synthetic - Gibson-Ashby model, not experimental"
SYNTHETIC_GIBSON_ASHBY,,PCL,PCL,235.56636099898788,79.67710221048202,SLS,268.60540590324547,0.233,3.79,14.7,,,,"synthetic - Gibson-Ashby model, not experimental"
SYNTHETIC_GIBSON_ASHBY,,Chitosan,Chitosan,434.91698244655197,44.547482304617205,electrospinning,259.3124469198398,0.776,12.72,848.6,,,,"synthetic - Gibson-Ashby model, not experimental"
SYNTHETIC_GIBSON_ASHBY,,PGA/HA,PGA/HA (30wt% HA),440.5959932907151,58.34423442209284,freeze drying,141.24011025990865,0.84,38.6,5842.8,,,,"synthetic - Gibson-Ashby model, not experimental"
SYNTHETIC_GIBSON_ASHBY,,PLGA/HA,PLGA/HA (15wt% HA),477.9555297043697,69.03232151245592,SLS,186.17351126931837,0.499,16.92,1521.5,,,,"synthetic - Gibson-Ashby model, not experimental"
SYNTHETIC_GIBSON_ASHBY,,PLA/HA,PLA/HA (30wt% HA),367.57613844680236,64.4480011905224,FDM,316.935303472727,0.645,25.92,4183.8,,,,"synthetic - Gibson-Ashby model, not experimental"
SYNTHETIC_GIBSON_ASHBY,,PCL,PCL,298.4972871391498,89.8303081853106,electrospinning,248.61516919652735,0.116,1.46,4.7,,,,"synthetic - Gibson-Ashby model, not experimental"
SYNTHETIC_GIBSON_ASHBY,,PLA,PLA,401.39148275293667,47.903532639724844,SLS,378.5364538051051,0.646,28.03,888.5,,,,"synthetic - Gibson-Ashby model, not experimental"
SYNTHETIC_GIBSON_ASHBY,,Chitosan/HA,Chitosan/HA (20wt% HA),569.2802508704362,59.634745220509146,salt leaching,355.31792157339896,0.706,24.66,3097.4,,,,"synthetic - Gibson-Ashby model, not experimental"
SYNTHETIC_GIBSON_ASHBY,,PGA,PGA,424.1426693546208,73.86715402852644,FDM,315.57945203676616,0.4,14.52,256.0,,,,"synthetic - Gibson-Ashby model, not experimental"
SYNTHETIC_GIBSON_ASHBY,,Chitosan/HA,Chitosan/HA (30wt% HA),187.74745691923238,75.43696501545367,salt leaching,356.8439512820373,0.473,14.0,1928.0,,,,"synthetic - Gibson-Ashby model, not experimental"
SYNTHETIC_GIBSON_ASHBY,,PLA/HA,PLA/HA (15wt% HA),192.39060052367,70.15535120459725,SLS,142.18356269028953,0.456,13.93,1659.3,,,,"synthetic - Gibson-Ashby model, not experimental"
SYNTHETIC_GIBSON_ASHBY,,PLGA,PLGA,233.49716348214008,56.80413130838721,freeze drying,198.88759099381974,0.579,12.11,398.1,,,,"synthetic - Gibson-Ashby model, not experimental"
SYNTHETIC_GIBSON_ASHBY,,PGA/HA,PGA/HA (30wt% HA),433.89305739933565,44.17815464531973,SLA,239.6184972825788,1.125,66.78,8916.5,,,,"synthetic - Gibson-Ashby model, not experimental"
SYNTHETIC_GIBSON_ASHBY,,PGA/HA,PGA/HA (30wt% HA),558.0651929253177,37.04494475068658,freeze drying,188.51128004687405,1.269,90.89,10694.6,,,,"synthetic - Gibson-Ashby model, not experimental"
SYNTHETIC_GIBSON_ASHBY,,PLGA,PLGA,594.4189809476545,57.29872036624022,electrospinning,212.0874525960809,0.572,13.83,370.1,,,,"synthetic - Gibson-Ashby model, not experimental"
SYNTHETIC_GIBSON_ASHBY,,Chitosan/HA,Chitosan/HA (30wt% HA),480.92980998555356,79.53621054518742,freeze drying,304.1025759758194,0.394,9.27,1355.0,,,,"synthetic - Gibson-Ashby model, not experimental"
SYNTHETIC_GIBSON_ASHBY,,PLGA/HA,PLGA/HA (20wt% HA),139.0513610737201,72.22596750935236,FDM,269.25061668204245,0.473,16.41,1661.1,,,,"synthetic - Gibson-Ashby model, not experimental"
SYNTHETIC_GIBSON_ASHBY,,PCL/HA,PCL/HA (20wt% HA),182.2685782913775,62.19960949563342,salt leaching,356.34580221848535,0.584,19.49,2316.3,,,,"synthetic - Gibson-Ashby model, not experimental"
SYNTHETIC_GIBSON_ASHBY,,Chitosan/HA,Chitosan/HA (15wt% HA),355.1876770164173,35.45649866710127,salt leaching,342.6076249531711,1.073,37.78,5947.9,,,,"synthetic - Gibson-Ashby model, not experimental"
SYNTHETIC_GIBSON_ASHBY,,Chitosan,Chitosan,436.3838561136847,63.52783193992598,FDM,192.45086920994538,0.511,8.44,386.6,,,,"synthetic - Gibson-Ashby model, not experimental"
SYNTHETIC_GIBSON_ASHBY,,PCL/HA,PCL/HA (20wt% HA),311.8486923893126,34.38177155492744,freeze drying,310.1154634291528,1.014,55.28,9057.5,,,,"synthetic - Gibson-Ashby model, not experimental"
SYNTHETIC_GIBSON_ASHBY,,PLA/HA,PLA/HA (15wt% HA),304.43346790962414,31.904092261384744,electrospinning,330.69161877504484,1.039,58.8,8735.8,,,,"synthetic - Gibson-Ashby model, not experimental"
SYNTHETIC_GIBSON_ASHBY,,PLGA/HA,PLGA/HA (10wt% HA),291.239809425686,89.57139591485273,salt leaching,360.88608559321256,0.159,2.66,113.1,,,,"synthetic - Gibson-Ashby model, not experimental"
SYNTHETIC_GIBSON_ASHBY,,Chitosan,Chitosan,273.8849435695751,69.21204590512212,freeze drying,153.5420887012335,0.431,5.31,275.2,,,,"synthetic - Gibson-Ashby model, not experimental"
SYNTHETIC_GIBSON_ASHBY,,PCL,PCL,589.2453413395694,75.37076489153593,electrospinning,238.901170358434,0.282,4.94,24.6,,,,"synthetic - Gibson-Ashby model, not experimental"
SYNTHETIC_GIBSON_ASHBY,,PCL,PCL,177.56068660188365,57.637516712915776,electrospinning,156.54413537102272,0.485,9.48,77.5,,,,"synthetic - Gibson-Ashby model, not experimental"
SYNTHETIC_GIBSON_ASHBY,,PLGA/HA,PLGA/HA (20wt% HA),541.8783109226872,75.9632080508342,SLA,104.69373890906488,0.409,12.12,985.4,,,,"synthetic - Gibson-Ashby model, not experimental"
SYNTHETIC_GIBSON_ASHBY,,PLGA/HA,PLGA/HA (20wt% HA),536.106208893196,70.32141821233314,FDM,173.42024536551776,0.505,14.88,1675.8,,,,"synthetic - Gibson-Ashby model, not experimental"
SYNTHETIC_GIBSON_ASHBY,,PCL,PCL,596.7417206215241,38.40813450689428,electrospinning,170.24845514249705,0.705,19.78,155.2,,,,"synthetic - Gibson-Ashby model, not experimental"
SYNTHETIC_GIBSON_ASHBY,,PGA,PGA,171.63021708166434,48.105866108652194,SLA,298.063727143223,0.794,34.86,918.1,,,,"synthetic - Gibson-Ashby model, not experimental"
SYNTHETIC_GIBSON_ASHBY,,Chitosan/HA,Chitosan/HA (20wt% HA),555.7888328102722,82.78283345783298,salt leaching,287.79794129449897,0.301,5.43,614.9,,,,"synthetic - Gibson-Ashby model, not experimental"
SYNTHETIC_GIBSON_ASHBY,,PGA/HA,PGA/HA (30wt% HA),492.902297990259,70.28055148474334,salt leaching,195.62033719489366,0.599,24.37,2529.6,,,,"synthetic - Gibson-Ashby model, not experimental"
SYNTHETIC_GIBSON_ASHBY,,PCL/HA,PCL/HA (20wt% HA),524.6704661300203,58.411129224733195,electrospinning,190.22092563854432,0.643,24.4,2830.6,,,,"synthetic - Gibson-Ashby model, not experimental"
SYNTHETIC_GIBSON_ASHBY,,PLA/HA,PLA/HA (20wt% HA),308.2539333302034,54.760649338865065,salt leaching,258.99754420092574,0.734,31.05,3928.5,,,,"synthetic - Gibson-Ashby model, not experimental"
SYNTHETIC_GIBSON_ASHBY,,PLA/HA,PLA/HA (15wt% HA),146.23199826343182,80.8280031551767,SLA,317.3754136921606,0.293,8.11,524.1,,,,"synthetic - Gibson-Ashby model, not experimental"
SYNTHETIC_GIBSON_ASHBY,,Chitosan/HA,Chitosan/HA (20wt% HA),136.39216418625148,32.37285325242003,freeze drying,341.39518535516356,1.183,49.8,9957.6,,,,"synthetic - Gibson-Ashby model, not experimental"
SYNTHETIC_GIBSON_ASHBY,,PLGA,PLGA,266.48215540941067,82.16843109147229,FDM,387.1059281580019,0.239,3.41,58.1,,,,"synthetic - Gibson-Ashby model, not experimental"
SYNTHETIC_GIBSON_ASHBY,,PLA/HA,PLA/HA (30wt% HA),339.4604381711829,89.97432042106871,freeze drying,172.77795455372245,0.182,4.17,314.1,,,,"synthetic - Gibson-Ashby model, not experimental"
SYNTHETIC_GIBSON_ASHBY,,PCL/HA,PCL/HA (20wt% HA),241.5295987600898,49.296900529644134,electrospinning,239.87513825368163,0.784,30.84,4510.9,,,,"synthetic - Gibson-Ashby model, not experimental"
SYNTHETIC_GIBSON_ASHBY,,Chitosan/HA,Chitosan/HA (15wt% HA),501.4083109100105,57.96024401423703,SLS,316.72407195603193,0.699,19.58,3189.2,,,,"synthetic - Gibson-Ashby model, not experimental"
SYNTHETIC_GIBSON_ASHBY,,PLGA,PLGA,210.63704915811263,63.751483647861264,SLS,143.77681393076458,0.486,11.19,267.0,,,,"synthetic - Gibson-Ashby model, not experimental"
SYNTHETIC_GIBSON_ASHBY,,PLGA/HA,PLGA/HA (10wt% HA),264.93264298892996,39.144684611048596,SLA,213.95193242234626,0.926,37.26,3998.8,,,,"synthetic - Gibson-Ashby model, not experimental"
SYNTHETIC_GIBSON_ASHBY,,PGA/HA,PGA/HA (10wt% HA),344.31055026690757,75.8016375399792,electrospinning,317.0673839189733,0.409,12.86,709.4,,,,"synthetic - Gibson-Ashby model, not experimental"
SYNTHETIC_GIBSON_ASHBY,,PGA,PGA,373.2731643628937,38.39751171483704,freeze drying,155.21433185838026,0.943,54.98,1523.6,,,,"synthetic - Gibson-Ashby model, not experimental"
SYNTHETIC_GIBSON_ASHBY,,Chitosan,Chitosan,137.16520572151282,80.34410961569728,FDM,345.398773256426,0.275,2.97,125.1,,,,"synthetic - Gibson-Ashby model, not experimental"
SYNTHETIC_GIBSON_ASHBY,,PCL,PCL,104.57073084533089,72.43017382220759,SLS,251.71987590791954,0.316,6.03,26.4,,,,"synthetic - Gibson-Ashby model, not experimental"
SYNTHETIC_GIBSON_ASHBY,,Chitosan/HA,Chitosan/HA (15wt% HA),107.86588343460987,69.55706051939177,salt leaching,259.66374550382096,0.506,12.67,1269.6,,,,"synthetic - Gibson-Ashby model, not experimental"
SYNTHETIC_GIBSON_ASHBY,,PGA/HA,PGA/HA (20wt% HA),108.5712988012136,88.64876089395071,electrospinning,343.94716627417296,0.21,6.06,262.4,,,,"synthetic - Gibson-Ashby model, not experimental"
SYNTHETIC_GIBSON_ASHBY,,PCL,PCL,362.1927006129082,85.08293066754067,freeze drying,172.29064969405246,0.171,2.52,9.0,,,,"synthetic - Gibson-Ashby model, not experimental"
SYNTHETIC_GIBSON_ASHBY,,PGA/HA,PGA/HA (15wt% HA),579.648897074265,34.74115462886612,SLA,237.69932366535554,1.157,62.9,8048.1,,,,"synthetic - Gibson-Ashby model, not experimental"
SYNTHETIC_GIBSON_ASHBY,,PLA/HA,PLA/HA (30wt% HA),424.9472258969614,89.50048231700919,salt leaching,109.50535109676531,0.19,4.68,312.9,,,,"synthetic - Gibson-Ashby model, not experimental"
SYNTHETIC_GIBSON_ASHBY,,PLA/HA,PLA/HA (30wt% HA),185.69178761052382,30.56701035924784,salt leaching,249.9575179338376,1.259,74.43,14814.9,,,,"synthetic - Gibson-Ashby model, not experimental"
SYNTHETIC_GIBSON_ASHBY,,PLA/HA,PLA/HA (20wt% HA),214.88324855050837,85.1491329264127,electrospinning,370.3818877073755,0.241,6.36,512.1,,,,"synthetic - Gibson-Ashby model, not experimental"
SYNTHETIC_GIBSON_ASHBY,,PLA,PLA,240.1865068797456,71.06572460781848,electrospinning,262.9092094976675,0.359,11.42,252.0,,,,"synthetic - Gibson-Ashby model, not experimental"
SYNTHETIC_GIBSON_ASHBY,,PGA,PGA,393.51805204224416,87.68815139256034,electrospinning,325.6763409540595,0.188,4.88,58.2,,,,"synthetic - Gibson-Ashby model, not experimental"
SYNTHETIC_GIBSON_ASHBY,,PGA,PGA,383.3479599455392,63.8374919774259,electrospinning,354.832727586828,0.553,20.65,512.2,,,,"synthetic - Gibson-Ashby model, not experimental"
SYNTHETIC_GIBSON_ASHBY,,PCL/HA,PCL/HA (30wt% HA),350.39642581886255,73.4498142056589,FDM,392.2969982307989,0.464,14.85,1690.9,,,,"synthetic - Gibson-Ashby model, not experimental"
SYNTHETIC_GIBSON_ASHBY,,PLA/HA,PLA/HA (10wt% HA),406.9326168107182,66.31012459203853,SLS,278.68259861328386,0.482,16.13,1184.4,,,,"synthetic - Gibson-Ashby model, not experimental"
SYNTHETIC_GIBSON_ASHBY,,PLGA/HA,PLGA/HA (15wt% HA),376.51886247524186,43.688303391252994,SLA,212.62809879745828,0.907,38.76,5079.8,,,,"synthetic - Gibson-Ashby model, not experimental"
SYNTHETIC_GIBSON_ASHBY,,PLA/HA,PLA/HA (20wt% HA),223.22489065344826,47.722768842304575,SLS,122.05200511672646,0.848,45.02,5094.8,,,,"synthetic - Gibson-Ashby model, not experimental"
SYNTHETIC_GIBSON_ASHBY,,PCL/HA,PCL/HA (30wt% HA),280.3501140570302,53.37731852382938,SLS,127.45612860887174,0.814,40.51,5831.5,,,,"synthetic - Gibson-Ashby model, not experimental"
SYNTHETIC_GIBSON_ASHBY,,PLA,PLA,315.48975798801956,35.23783394130697,freeze drying,267.09550966636834,0.803,29.06,1427.5,,,,"synthetic - Gibson-Ashby model, not experimental"
SYNTHETIC_GIBSON_ASHBY,,PGA/HA,PGA/HA (20wt% HA),399.02189889713645,35.58385562759245,salt leaching,197.32909917172378,1.194,70.51,7368.2,,,,"synthetic - Gibson-Ashby model, not experimental"
SYNTHETIC_GIBSON_ASHBY,,PLA/HA,PLA/HA (30wt% HA),552.6037871566793,84.068162691386,freeze drying,393.4519192041662,0.289,9.1,752.2,,,,"synthetic - Gibson-Ashby model, not experimental"
SYNTHETIC_GIBSON_ASHBY,,PCL,PCL,234.20339857460533,46.13513781180885,SLA,143.78044619396434,0.617,15.44,113.8,,,,"synthetic - Gibson-Ashby model, not experimental"
SYNTHETIC_GIBSON_ASHBY,,PLGA,PLGA,572.1111478156971,51.66749473737168,salt leaching,316.2698357366778,0.648,15.27,480.4,,,,"synthetic - Gibson-Ashby model, not experimental"
SYNTHETIC_GIBSON_ASHBY,,PLA,PLA,574.4117311972825,48.27947974507542,freeze drying,199.6651645934881,0.641,26.8,902.5,,,,"synthetic - Gibson-Ashby model, not experimental"
SYNTHETIC_GIBSON_ASHBY,,PLGA/HA,PLGA/HA (10wt% HA),511.7676200699376,55.83697325683033,freeze drying,295.31105750998563,0.672,20.83,1876.5,,,,"synthetic - Gibson-Ashby model, not experimental"
SYNTHETIC_GIBSON_ASHBY,,PCL/HA,PCL/HA (15wt% HA),582.2873115473969,48.85099687172648,SLS,390.6175665240087,0.739,30.05,3876.0,,,,"synthetic - Gibson-Ashby model, not experimental"
SYNTHETIC_GIBSON_ASHBY,,Chitosan,Chitosan,240.15007323210875,49.55317424657433,SLS,335.75995950311824,0.706,12.78,675.0,,,,"synthetic - Gibson-Ashby model, not experimental"
SYNTHETIC_GIBSON_ASHBY,,Chitosan/HA,Chitosan/HA (20wt% HA),483.8089538741825,40.79563275652198,electrospinning,108.0748326026006,1.036,42.59,7068.2,,,,"synthetic - Gibson-Ashby model, not experimental"
SYNTHETIC_GIBSON_ASHBY,,PLGA/HA,PLGA/HA (10wt% HA),134.57933596881313,79.87690852262166,salt leaching,354.33637901169845,0.306,6.04,460.0,,,,"synthetic - Gibson-Ashby model, not experimental"
SYNTHETIC_GIBSON_ASHBY,,PGA,PGA,177.07161722792827,45.1609010958655,salt leaching,226.93838653507106,0.839,46.59,918.0,,,,"synthetic - Gibson-Ashby model, not experimental"
SYNTHETIC_GIBSON_ASHBY,,PLGA/HA,PLGA/HA (20wt% HA),353.30632151475453,54.04830583976242,electrospinning,376.1176553434887,0.782,26.82,4037.2,,,,"synthetic - Gibson-Ashby model, not experimental"
SYNTHETIC_GIBSON_ASHBY,,PGA/HA,PGA/HA (30wt% HA),368.4529930122939,83.73009092165395,FDM,291.45411010325233,0.328,9.71,688.2,,,,"synthetic - Gibson-Ashby model, not experimental"
SYNTHETIC_GIBSON_ASHBY,,PGA,PGA,122.14834676392479,68.81999087900425,electrospinning,395.08246178559483,0.477,19.85,355.2,,,,"synthetic - Gibson-Ashby model, not experimental"
SYNTHETIC_GIBSON_ASHBY,,PGA/HA,PGA/HA (15wt% HA),149.30327929086377,36.35667309636523,electrospinning,166.60032386483903,1.128,67.6,6710.8,,,,"synthetic - Gibson-Ashby model, not experimental"
SYNTHETIC_GIBSON_ASHBY,,Chitosan,Chitosan,295.56708433875144,56.746713090294406,freeze drying,331.7026697387296,0.606,8.91,593.3,,,,"synthetic - Gibson-Ashby model, not experimental"
SYNTHETIC_GIBSON_ASHBY,,PLA/HA,PLA/HA (15wt% HA),307.9877142628563,36.272961480363705,FDM,388.5183597039911,0.973,54.52,7355.7,,,,"synthetic - Gibson-Ashby model, not experimental"
SYNTHETIC_GIBSON_ASHBY,,PGA/HA,PGA/HA (10wt% HA),492.1349987643485,50.58400085061757,SLS,256.3344489401415,0.836,40.91,2945.7,,,,"synthetic - Gibson-Ashby model, not experimental"
SYNTHETIC_GIBSON_ASHBY,,PLGA/HA,PLGA/HA (10wt% HA),122.34152633766057,34.03046040248755,FDM,313.2336969265757,1.003,41.97,5192.5,,,,"synthetic - Gibson-Ashby model, not experimental"
SYNTHETIC_GIBSON_ASHBY,,PCL/HA,PCL/HA (30wt% HA),187.22661641206696,44.63477679311956,freeze drying,148.0407133646078,0.967,48.06,8177.4,,,,"synthetic - Gibson-Ashby model, not experimental"
SYNTHETIC_GIBSON_ASHBY,,PLGA/HA,PLGA/HA (30wt% HA),420.23943833003904,41.067106509083615,FDM,229.64033572878475,1.11,63.05,10566.0,,,,"synthetic - Gibson-Ashby model, not experimental"
SYNTHETIC_GIBSON_ASHBY,,PLGA/HA,PLGA/HA (20wt% HA),102.22502166306826,55.77317046620061,SLS,164.43883152108893,0.753,32.14,4124.0,,,,"synthetic - Gibson-Ashby model, not experimental"
SYNTHETIC_GIBSON_ASHBY,,PLA/HA,PLA/HA (20wt% HA),535.9896650049426,36.10512292362854,SLS,156.08795068962803,1.036,50.58,7720.0,,,,"synthetic - Gibson-Ashby model, not experimental"
SYNTHETIC_GIBSON_ASHBY,,PLGA/HA,PLGA/HA (20wt% HA),256.7020550257371,87.95498399694648,salt leaching,216.5917782738248,0.205,3.99,291.8,,,,"synthetic - Gibson-Ashby model, not experimental"
SYNTHETIC_GIBSON_ASHBY,,PLGA/HA,PLGA/HA (20wt% HA),436.7944311573667,40.35165078062039,freeze drying,340.1840149554122,1.015,48.45,7162.2,,,,"synthetic - Gibson-Ashby model, not experimental"
SYNTHETIC_GIBSON_ASHBY,,PGA,PGA,158.474451985376,44.31436358632743,SLA,211.99182128929317,0.852,40.53,1088.8,,,,"synthetic - Gibson-Ashby model, not experimental"
SYNTHETIC_GIBSON_ASHBY,,PCL/HA,PCL/HA (20wt% HA),192.87684964638282,53.02259777026122,electrospinning,290.65049261759054,0.726,33.45,4551.4,,,,"synthetic - Gibson-Ashby model, not experimental"
SYNTHETIC_GIBSON_ASHBY,,PCL/HA,PCL/HA (20wt% HA),244.41738702467282,40.01193142964334,salt leaching,156.12957398872078,0.927,47.43,6828.7,,,,"synthetic - Gibson-Ashby model, not experimental"
SYNTHETIC_GIBSON_ASHBY,,PLA/HA,PLA/HA (15wt% HA),507.6079703269309,38.192082879749755,freeze drying,389.14872682448197,0.943,47.39,6582.8,,,,"synthetic - Gibson-Ashby model, not experimental"
SYNTHETIC_GIBSON_ASHBY,,PLGA/HA,PLGA/HA (15wt% HA),321.9258714046311,72.60854237074783,freeze drying,150.17604622841765,0.441,13.53,979.9,,,,"synthetic - Gibson-Ashby model, not experimental"
SYNTHETIC_GIBSON_ASHBY,,PGA,PGA,368.8043091024097,46.491175096412036,salt leaching,150.46269323097212,0.819,42.34,1021.9,,,,"synthetic - Gibson-Ashby model, not experimental"
SYNTHETIC_GIBSON_ASHBY,,PLGA/HA,PLGA/HA (20wt% HA),386.3570269726464,60.64835881287351,freeze drying,180.36667281787027,0.67,23.7,3329.5,,,,"synthetic - Gibson-Ashby model, not experimental"
SYNTHETIC_GIBSON_ASHBY,,PLA/HA,PLA/HA (30wt% HA),209.27096750503674,56.48199478373823,electrospinning,227.5464060211549,0.789,41.83,6129.6,,,,"synthetic - Gibson-Ashby model, not experimental"
SYNTHETIC_GIBSON_ASHBY,,PGA,PGA,274.2884884111569,56.983940569824824,salt leaching,345.01857553493153,0.658,24.97,718.6,,,,"synthetic - Gibson-Ashby model, not experimental"
SYNTHETIC_GIBSON_ASHBY,,PCL,PCL,393.9619484884053,78.64216301036461,electrospinning,205.1892523341969,0.245,3.86,18.8,,,,"synthetic - Gibson-Ashby model, not experimental"
SYNTHETIC_GIBSON_ASHBY,,Chitosan,Chitosan,506.76493274771684,77.09095859823509,freeze drying,341.6321480110835,0.321,3.59,150.4,,,,"synthetic - Gibson-Ashby model, not experimental"
SYNTHETIC_GIBSON_ASHBY,,Chitosan,Chitosan,452.02688087759424,49.4192169512809,SLS,186.79997303948306,0.708,12.65,871.7,,,,"synthetic - Gibson-Ashby model, not experimental"
SYNTHETIC_GIBSON_ASHBY,,PLA,PLA,492.84552414564865,87.76631969962752,SLS,375.6306135489476,0.152,2.47,58.2,,,,"synthetic - Gibson-Ashby model, not experimental"
SYNTHETIC_GIBSON_ASHBY,,PCL,PCL,261.04835580468847,38.77460660549768,electrospinning,174.26642200680132,0.701,17.11,145.1,,,,"synthetic - Gibson-Ashby model, not experimental"
SYNTHETIC_GIBSON_ASHBY,,PGA/HA,PGA/HA (30wt% HA),325.99586127518216,54.85350536190226,FDM,290.08832900508935,0.91,52.17,5827.6,,,,"synthetic - Gibson-Ashby model, not experimental"
SYNTHETIC_GIBSON_ASHBY,,PGA/HA,PGA/HA (15wt% HA),263.64464008046514,87.01524473192296,electrospinning,100.74192554259542,0.23,6.94,243.9,,,,"synthetic - Gibson-Ashby model, not experimental"
SYNTHETIC_GIBSON_ASHBY,,PGA,PGA,298.8579340943319,77.74067559887072,SLA,390.43857402274705,0.341,9.94,173.1,,,,"synthetic - Gibson-Ashby model, not experimental"
SYNTHETIC_GIBSON_ASHBY,,PGA/HA,PGA/HA (10wt% HA),165.2971251537729,62.8386321267189,SLS,355.7267728865248,0.629,29.32,1876.3,,,,"synthetic - Gibson-Ashby model, not experimental"
SYNTHETIC_GIBSON_ASHBY,,PLA,PLA,518.3510894312775,67.57077132935365,SLA,104.88440571182332,0.402,10.21,361.6,,,,"synthetic - Gibson-Ashby model, not experimental"
SYNTHETIC_GIBSON_ASHBY,,PLGA,PLGA,554.703607156549,89.74164412405723,SLS,364.64432921259964,0.137,1.86,18.9,,,,"synthetic - Gibson-Ashby model, not experimental"
SYNTHETIC_GIBSON_ASHBY,,PGA,PGA,225.19463927455445,69.27527786512763,electrospinning,211.55313029402973,0.47,16.5,297.2,,,,"synthetic - Gibson-Ashby model, not experimental"
SYNTHETIC_GIBSON_ASHBY,,PGA/HA,PGA/HA (30wt% HA),217.07192074220973,71.96648229147442,electrospinning,296.6455685150605,0.565,21.71,2033.3,,,,"synthetic - Gibson-Ashby model, not experimental"
SYNTHETIC_GIBSON_ASHBY,,PLA,PLA,359.7221273183179,65.62076981046387,FDM,233.5200630335963,0.426,14.35,438.0,,,,"synthetic - Gibson-Ashby model, not experimental"
SYNTHETIC_GIBSON_ASHBY,,PLGA/HA,PLGA/HA (30wt% HA),135.41415270025607,37.93050906555365,electrospinning,214.92097770273182,1.169,53.85,11945.7,,,,"synthetic - Gibson-Ashby model, not experimental"
SYNTHETIC_GIBSON_ASHBY,,PGA/HA,PGA/HA (10wt% HA),486.7302418253121,38.22775768461274,SLA,325.9473402973204,1.045,61.36,4833.1,,,,"synthetic - Gibson-Ashby model, not experimental"
SYNTHETIC_GIBSON_ASHBY,,PLA/HA,PLA/HA (20wt% HA),405.159619636909,63.79747286817792,SLS,149.23496493719387,0.587,25.33,2908.0,,,,"synthetic - Gibson-Ashby model, not experimental"
SYNTHETIC_GIBSON_ASHBY,,PCL/HA,PCL/HA (15wt% HA),321.19193471954213,66.96456075604237,FDM,165.17340336744792,0.478,13.3,1347.3,,,,"synthetic - Gibson-Ashby model, not experimental"
SYNTHETIC_GIBSON_ASHBY,,PLGA/HA,PLGA/HA (10wt% HA),257.2518340910847,87.79492263319585,SLS,141.9490566427701,0.186,2.96,167.9,,,,"synthetic - Gibson-Ashby model, not experimental"
SYNTHETIC_GIBSON_ASHBY,,Chitosan/HA,Chitosan/HA (20wt% HA),242.46040500316636,73.27077833157469,FDM,382.38377352910356,0.468,12.74,1609.6,,,,"synthetic - Gibson-Ashby model, not experimental"
SYNTHETIC_GIBSON_ASHBY,,PGA,PGA,354.7612830573563,61.06494766783425,SLS,324.35309229437485,0.596,26.36,553.8,,,,"synthetic - Gibson-Ashby model, not experimental"
SYNTHETIC_GIBSON_ASHBY,,PCL/HA,PCL/HA (15wt% HA),220.5408778026049,53.15313448581561,FDM,291.4246989650945,0.677,28.96,3063.1,,,,"synthetic - Gibson-Ashby model, not experimental"
SYNTHETIC_GIBSON_ASHBY,,PGA/HA,PGA/HA (10wt% HA),530.4070019683737,37.91897284396212,SLS,270.51411663188827,1.05,52.94,4747.8,,,,"synthetic - Gibson-Ashby model, not experimental"
SYNTHETIC_GIBSON_ASHBY,,PLGA,PLGA,133.7662846363836,31.001364106251373,FDM,178.6555831486201,0.925,32.51,1072.9,,,,"synthetic - Gibson-Ashby model, not experimental"
SYNTHETIC_GIBSON_ASHBY,,PLGA/HA,PLGA/HA (20wt% HA),456.3145380506253,47.18926800574542,salt leaching,330.13300019971723,0.899,33.57,5797.3,,,,"synthetic - Gibson-Ashby model, not experimental"
SYNTHETIC_GIBSON_ASHBY,,Chitosan/HA,Chitosan/HA (20wt% HA),238.73386786728003,66.96282334000489,freeze drying,192.97206568499257,0.578,19.09,2507.7,,,,"synthetic - Gibson-Ashby model, not experimental"
SYNTHETIC_GIBSON_ASHBY,,PCL/HA,PCL/HA (20wt% HA),393.2185815062159,49.605017777114284,electrospinning,328.9672393378462,0.779,28.63,4905.4,,,,"synthetic - Gibson-Ashby model, not experimental"
SYNTHETIC_GIBSON_ASHBY,,PLGA/HA,PLGA/HA (30wt% HA),219.31869409198293,87.20567860296433,salt leaching,173.34392611580964,0.241,5.91,411.3,,,,"synthetic - Gibson-Ashby model, not experimental"
SYNTHETIC_GIBSON_ASHBY,,PLA/HA,PLA/HA (10wt% HA),429.02618028468703,69.96477473155863,FDM,152.6937710928388,0.43,15.45,1164.4,,,,"synthetic - Gibson-Ashby model, not experimental"
SYNTHETIC_GIBSON_ASHBY,,PCL/HA,PCL/HA (15wt% HA),361.50268136420414,87.18097210528185,electrospinning,334.89613046312377,0.185,3.49,211.0,,,,"synthetic - Gibson-Ashby model, not experimental"
SYNTHETIC_GIBSON_ASHBY,,PGA/HA,PGA/HA (30wt% HA),485.71514524481233,83.18488558443936,salt leaching,108.80687535184104,0.339,9.59,775.7,,,,"synthetic - Gibson-Ashby model, not experimental"
SYNTHETIC_GIBSON_ASHBY,,Chitosan/HA,Chitosan/HA (30wt% HA),327.5988888397137,34.62420187718312,salt leaching,208.03716865652598,1.258,54.48,13778.2,,,,"synthetic - Gibson-Ashby model, not experimental"
SYNTHETIC_GIBSON_ASHBY,,PCL/HA,PCL/HA (10wt% HA),547.134210072131,76.39973719547908,FDM,302.2361294689291,0.318,7.59,478.8,,,,"synthetic - Gibson-Ashby model, not experimental"
SYNTHETIC_GIBSON_ASHBY,,PLA,PLA,335.8822947888691,44.67308702140221,SLA,214.89384231021972,0.686,30.44,968.2,,,,"synthetic - Gibson-Ashby model, not experimental"
SYNTHETIC_GIBSON_ASHBY,,PLA/HA,PLA/HA (20wt% HA),457.0104008192786,78.18692918745325,SLA,296.7109883264511,0.354,11.12,936.8,,,,"synthetic - Gibson-Ashby model, not experimental"
SYNTHETIC_GIBSON_ASHBY,,PGA/HA,PGA/HA (10wt% HA),385.767981308729,79.55981973315197,electrospinning,135.82027890244336,0.346,10.02,568.8,,,,"synthetic - Gibson-Ashby model, not experimental"
SYNTHETIC_GIBSON_ASHBY,,Chitosan,Chitosan,134.46321888637254,87.24476444762566,SLS,239.52825337506584,0.179,1.5,52.8,,,,"synthetic - Gibson-Ashby model, not experimental"
SYNTHETIC_GIBSON_ASHBY,,PLA/HA,PLA/HA (20wt% HA),284.45967957627454,57.40477055667453,SLS,187.47852719680978,0.691,28.73,4045.1,,,,"synthetic - Gibson-Ashby model, not experimental"
SYNTHETIC_GIBSON_ASHBY,,PGA/HA,PGA/HA (20wt% HA),598.8935581319528,88.31146470905571,electrospinning,332.76578678657654,0.217,6.03,318.3,,,,"synthetic - Gibson-Ashby model, not experimental"
SYNTHETIC_GIBSON_ASHBY,,PCL,PCL,305.0180547830099,30.382672965108245,SLS,169.89932255792291,0.797,24.58,201.8,,,,"synthetic - Gibson-Ashby model, not experimental"
SYNTHETIC_GIBSON_ASHBY,,PLA/HA,PLA/HA (10wt% HA),428.6519250879989,30.087722432134665,electrospinning,354.7017963336765,1.0,47.16,5595.7,,,,"synthetic - Gibson-Ashby model, not experimental"
SYNTHETIC_GIBSON_ASHBY,,PCL/HA,PCL/HA (15wt% HA),129.9475378265948,59.52173261099385,electrospinning,399.08778103226456,0.585,17.56,2117.9,,,,"synthetic - Gibson-Ashby model, not experimental"
SYNTHETIC_GIBSON_ASHBY,,PCL/HA,PCL/HA (20wt% HA),547.7889700699299,54.7834082100601,electrospinning,237.53740856324458,0.699,24.58,3279.2,,,,"synthetic - Gibson-Ashby model, not experimental"
SYNTHETIC_GIBSON_ASHBY,,PCL/HA,PCL/HA (30wt% HA),137.41524216493875,79.19777351365296,salt leaching,270.3462184867625,0.363,9.96,1238.0,,,,"synthetic - Gibson-Ashby model, not experimental"
SYNTHETIC_GIBSON_ASHBY,,PGA/HA,PGA/HA (10wt% HA),563.0209758908184,81.05482234731716,electrospinning,217.885801272226,0.321,9.76,413.4,,,,"synthetic - Gibson-Ashby model, not experimental"
SYNTHETIC_GIBSON_ASHBY,,PCL,PCL,168.0559232083595,86.61328116180567,FDM,331.04398604789685,0.153,1.76,6.4,,,,"synthetic - Gibson-Ashby model, not experimental"
SYNTHETIC_GIBSON_ASHBY,,PLGA/HA,PLGA/HA (10wt% HA),367.96227454501184,54.39075311455282,SLA,389.3904166750686,0.694,22.85,2214.2,,,,"synthetic - Gibson-Ashby model, not experimental"
SYNTHETIC_GIBSON_ASHBY,,PLA,PLA,443.0274214752576,39.45692262393097,electrospinning,347.91600638189493,0.751,28.0,1322.7,,,,"synthetic - Gibson-Ashby model, not experimental"
SYNTHETIC_GIBSON_ASHBY,,PGA,PGA,224.10939473062754,35.47277422748092,freeze drying,206.72282665128512,0.987,48.71,1260.1,,,,"synthetic - Gibson-Ashby model, not experimental"
SYNTHETIC_GIBSON_ASHBY,,PCL,PCL,527.3006523110016,87.12579640942464,freeze drying,266.7861284645165,0.147,1.83,6.1,,,,"synthetic - Gibson-Ashby model, not experimental"
SYNTHETIC_GIBSON_ASHBY,,PCL,PCL,515.1861659473179,30.71741539016478,SLA,394.7701712450865,0.793,22.38,174.6,,,,"synthetic - Gibson-Ashby model, not experimental"
SYNTHETIC_GIBSON_ASHBY,,PLA/HA,PLA/HA (20wt% HA),558.71429075579,65.16712513215273,FDM,122.49615420803467,0.565,24.03,2294.9,,,,"synthetic - Gibson-Ashby model, not experimental"
SYNTHETIC_GIBSON_ASHBY,,PCL,PCL,514.678088608709,84.30467822280917,FDM,199.46496737568302,0.18,2.15,11.2,,,,"synthetic - Gibson-Ashby model, not experimental"
SYNTHETIC_GIBSON_ASHBY,,Chitosan/HA,Chitosan/HA (15wt% HA),297.49934411095967,79.30112409193703,electrospinning,108.84468790008745,0.344,6.73,672.5,,,,"synthetic - Gibson-Ashby model, not experimental"
SYNTHETIC_GIBSON_ASHBY,,PCL/HA,PCL/HA (10wt% HA),541.711899446813,46.791273256843425,freeze drying,110.39483311945177,0.716,26.75,2743.0,,,,"synthetic - Gibson-Ashby model, not experimental"
SYNTHETIC_GIBSON_ASHBY,,PLGA/HA,PLGA/HA (15wt% HA),339.51546498007724,82.9667144495347,salt leaching,126.31646531770224,0.274,5.6,393.0,,,,"synthetic - Gibson-Ashby model, not experimental"
SYNTHETIC_GIBSON_ASHBY,,Chitosan,Chitosan,501.08404138556375,67.84526332948533,salt leaching,338.4538732905611,0.45,6.11,336.4,,,,"synthetic - Gibson-Ashby model, not experimental"
SYNTHETIC_GIBSON_ASHBY,,Chitosan/HA,Chitosan/HA (15wt% HA),382.8255575239407,50.64204718739256,SLS,196.4813256004034,0.821,24.51,3534.5,,,,"synthetic - Gibson-Ashby model, not experimental"
SYNTHETIC_GIBSON_ASHBY,,PCL,PCL,489.2691406642372,83.74588689685882,salt leaching,117.57736908343556,0.186,2.83,10.7,,,,"synthetic - Gibson-Ashby model, not experimental"
SYNTHETIC_GIBSON_ASHBY,,PCL,PCL,428.4322106881171,36.00806023829745,electrospinning,179.9581003197049,0.733,23.53,142.0,,,,"synthetic - Gibson-Ashby model, not experimental"
SYNTHETIC_GIBSON_ASHBY,,PCL/HA,PCL/HA (20wt% HA),498.6953436897044,80.79030542790798,SLA,206.44139036954795,0.297,7.96,610.3,,,,"synthetic - Gibson-Ashby model, not experimental"
SYNTHETIC_GIBSON_ASHBY,,PGA/HA,PGA/HA (20wt% HA),450.28040167570913,31.692394183629546,freeze drying,384.2676205210046,1.266,89.67,8663.1,,,,"synthetic - Gibson-Ashby model, not experimental"
SYNTHETIC_GIBSON_ASHBY,,PLGA/HA,PLGA/HA (20wt% HA),345.2182100637396,48.54318432907317,SLA,127.07721305527085,0.876,31.6,5348.0,,,,"synthetic - Gibson-Ashby model, not experimental"
SYNTHETIC_GIBSON_ASHBY,,PLGA,PLGA,407.06738383123417,49.9040396144522,SLS,341.9336239930009,0.671,19.96,534.6,,,,"synthetic - Gibson-Ashby model, not experimental"
SYNTHETIC_GIBSON_ASHBY,,PGA,PGA,393.30458754560476,31.314773774614338,FDM,375.16724424433556,1.051,63.08,1822.8,,,,"synthetic - Gibson-Ashby model, not experimental"
SYNTHETIC_GIBSON_ASHBY,,PLA/HA,PLA/HA (10wt% HA),431.06977639941704,72.27228057768488,SLS,275.80499895147716,0.397,11.51,878.6,,,,"synthetic - Gibson-Ashby model, not experimental"
SYNTHETIC_GIBSON_ASHBY,,PCL/HA,PCL/HA (30wt% HA),495.9212624999359,86.9216119215794,electrospinning,388.1986301106215,0.228,5.93,441.0,,,,"synthetic - Gibson-Ashby model, not experimental"
SYNTHETIC_GIBSON_ASHBY,,Chitosan/HA,Chitosan/HA (30wt% HA),406.8544931225173,83.37601300873393,electrospinning,207.04766412802906,0.32,7.0,825.7,,,,"synthetic - Gibson-Ashby model, not experimental"
SYNTHETIC_GIBSON_ASHBY,,PGA/HA,PGA/HA (30wt% HA),163.67418236176775,71.30990637593743,electrospinning,318.6492867807997,0.578,23.79,2750.4,,,,"synthetic - Gibson-Ashby model, not experimental"
SYNTHETIC_GIBSON_ASHBY,,Chitosan,Chitosan,259.1084559300475,40.92490536081284,freeze drying,342.6420777310394,0.827,16.2,959.3,,,,"synthetic - Gibson-Ashby model, not experimental"
SYNTHETIC_GIBSON_ASHBY,,PLGA,PLGA,138.90331923215064,49.87010556996316,SLS,204.04303740496854,0.672,19.8,452.5,,,,"synthetic - Gibson-Ashby model, not experimental"
SYNTHETIC_GIBSON_ASHBY,,PLA/HA,PLA/HA (30wt% HA),464.64297356699973,70.2014742668432,FDM,200.7248396723641,0.54,20.38,2430.8,,,,"synthetic - Gibson-Ashby model, not experimental"
SYNTHETIC_GIBSON_ASHBY,,PLA/HA,PLA/HA (10wt% HA),154.01730060731464,45.39947649256289,salt leaching,100.38434724840698,0.781,34.85,3555.0,,,,"synthetic - Gibson-Ashby model, not experimental"
SYNTHETIC_GIBSON_ASHBY,,PCL/HA,PCL/HA (15wt% HA),289.3562873871295,59.58491960843086,FDM,263.8071903035363,0.584,22.06,2483.6,,,,"synthetic - Gibson-Ashby model, not experimental"
SYNTHETIC_GIBSON_ASHBY,,Chitosan/HA,Chitosan/HA (30wt% HA),212.79136375582405,75.49461261354107,FDM,235.38622574592245,0.472,13.13,1640.0,,,,"synthetic - Gibson-Ashby model, not experimental"
SYNTHETIC_GIBSON_ASHBY,,PLA,PLA,543.9656338671516,50.508492068993384,FDM,148.27134847339633,0.614,25.33,869.4,,,,"synthetic - Gibson-Ashby model, not experimental"
SYNTHETIC_GIBSON_ASHBY,,PLA/HA,PLA/HA (10wt% HA),406.82236288944694,65.6418326431257,FDM,244.82103594654345,0.492,18.64,1404.7,,,,"synthetic - Gibson-Ashby model, not experimental"
SYNTHETIC_GIBSON_ASHBY,,Chitosan/HA,Chitosan/HA (15wt% HA),150.6289054866678,39.426226639847044,SLA,161.66514301538115,1.007,35.81,5728.8,,,,"synthetic - Gibson-Ashby model, not experimental"
SYNTHETIC_GIBSON_ASHBY,,Chitosan/HA,Chitosan/HA (10wt% HA),248.70032384078308,69.63587356277841,salt leaching,128.77477642067248,0.478,11.34,1101.9,,,,"synthetic - Gibson-Ashby model, not experimental"
SYNTHETIC_GIBSON_ASHBY,,PCL,PCL,313.8029787228568,51.64973527363638,electrospinning,188.36483468986444,0.554,13.37,97.0,,,,"synthetic - Gibson-Ashby model, not experimental"
SYNTHETIC_GIBSON_ASHBY,,PLA,PLA,419.0953295372853,42.4171789754177,salt leaching,393.1173087997796,0.714,26.77,1280.2,,,,"synthetic - Gibson-Ashby model, not experimental"
SYNTHETIC_GIBSON_ASHBY,,PLGA/HA,PLGA/HA (15wt% HA),430.52002737300245,59.34580872723944,freeze drying,127.34106326520377,0.655,21.8,2427.4,,,,"synthetic - Gibson-Ashby model, not experimental"
SYNTHETIC_GIBSON_ASHBY,,PLGA/HA,PLGA/HA (10wt% HA),122.30846234893785,41.1949764694759,SLS,231.92212685583075,0.894,31.47,3428.0,,,,"synthetic - Gibson-Ashby model, not experimental"
SYNTHETIC_GIBSON_ASHBY,,PLA,PLA,433.7342295672842,75.13410852691723,SLS,125.71219355197513,0.308,7.85,236.4,,,,"synthetic - Gibson-Ashby model, not experimental"
SYNTHETIC_GIBSON_ASHBY,,Chitosan,Chitosan,520.3985832151252,63.21611436947453,salt leaching,345.521564459612,0.515,8.25,462.6,,,,"synthetic - Gibson-Ashby model, not experimental"
SYNTHETIC_GIBSON_ASHBY,,PLGA/HA,PLGA/HA (20wt% HA),338.13114054073435,82.89923216505737,electrospinning,123.68651493222495,0.291,7.22,493.2,,,,"synthetic - Gibson-Ashby model, not experimental"
SYNTHETIC_GIBSON_ASHBY,,Chitosan/HA,Chitosan/HA (20wt% HA),410.1365571746515,70.65209313456182,salt leaching,136.08456242663,0.514,16.02,1584.6,,,,"synthetic - Gibson-Ashby model, not experimental"
SYNTHETIC_GIBSON_ASHBY,,PCL,PCL,311.68744965779973,37.57115991831238,salt leaching,396.4839809010747,0.715,21.64,142.0,,,,"synthetic - Gibson-Ashby model, not experimental"
SYNTHETIC_GIBSON_ASHBY,,PCL/HA,PCL/HA (20wt% HA),555.4022428657971,45.473181599266596,FDM,374.252181069576,0.843,37.67,4772.0,,,,"synthetic - Gibson-Ashby model, not experimental"
SYNTHETIC_GIBSON_ASHBY,,Chitosan/HA,Chitosan/HA (10wt% HA),359.84408877103465,81.3974508387748,FDM,375.14857323497444,0.293,5.12,439.7,,,,"synthetic - Gibson-Ashby model, not experimental"
SYNTHETIC_GIBSON_ASHBY,,Chitosan/HA,Chitosan/HA (15wt% HA),174.82115979567072,36.75113055755603,freeze drying,269.9781781165319,1.052,42.56,6918.4,,,,"synthetic - Gibson-Ashby model, not experimental"
SYNTHETIC_GIBSON_ASHBY,,PLA/HA,PLA/HA (20wt% HA),492.87281515483875,76.77268181785513,SLS,360.2425803295526,0.377,11.65,1249.4,,,,"synthetic - Gibson-Ashby model, not experimental"
SYNTHETIC_GIBSON_ASHBY,,PLGA/HA,PLGA/HA (20wt% HA),118.73283524885672,66.53772911714611,SLA,182.62424261042614,0.57,20.41,2272.5,,,,"synthetic - Gibson-Ashby model, not experimental"
SYNTHETIC_GIBSON_ASHBY,,PLGA,PLGA,539.4788158368099,53.747564653861915,FDM,307.15412625129363,0.62,17.71,459.4,,,,"synthetic - Gibson-Ashby model, not experimental"
SYNTHETIC_GIBSON_ASHBY,,PGA,PGA,496.8260299528202,50.271964885615965,salt leaching,193.28478935438392,0.761,37.01,958.5,,,,"synthetic - Gibson-Ashby model, not experimental"
SYNTHETIC_GIBSON_ASHBY,,PCL,PCL,471.8618208285816,48.028826851048805,SLS,332.20927005817737,0.595,14.61,100.6,,,,"synthetic - Gibson-Ashby model, not experimental"
SYNTHETIC_GIBSON_ASHBY,,PLA,PLA,556.7164027093702,56.50299588354997,salt leaching,222.1511082521337,0.539,20.7,713.7,,,,"synthetic - Gibson-Ashby model, not experimental"
SYNTHETIC_GIBSON_ASHBY,,PLA/HA,PLA/HA (20wt% HA),132.80848380596598,77.48942352487404,salt leaching,312.87081950931685,0.365,13.22,938.8,,,,"synthetic - Gibson-Ashby model, not experimental"
SYNTHETIC_GIBSON_ASHBY,,Chitosan,Chitosan,537.5902780627084,40.424241360767226,FDM,160.2180328301564,0.834,15.88,984.8,,,,"synthetic - Gibson-Ashby model, not experimental"
SYNTHETIC_GIBSON_ASHBY,,PGA/HA,PGA/HA (30wt% HA),284.1759637873854,41.94658634393401,salt leaching,239.26553913606637,1.17,62.79,10328.4,,,,"synthetic - Gibson-Ashby model, not experimental"
SYNTHETIC_GIBSON_ASHBY,,PLA,PLA,397.02179672607565,52.348005692118434,salt leaching,153.2751082491585,0.591,20.42,815.5,,,,"synthetic - Gibson-Ashby model, not experimental"
SYNTHETIC_GIBSON_ASHBY,,PCL/HA,PCL/HA (10wt% HA),444.42526880797715,74.93766806909599,salt leaching,185.52081293042858,0.337,9.16,508.5,,,,"synthetic - Gibson-Ashby model, not experimental"
SYNTHETIC_GIBSON_ASHBY,,PCL,PCL,438.84762304548536,68.84279350568892,salt leaching,180.72507378068713,0.357,7.72,39.0,,,,"synthetic - Gibson-Ashby model, not experimental"
SYNTHETIC_GIBSON_ASHBY,,PLA/HA,PLA/HA (15wt% HA),423.68577708751207,84.6909262831423,FDM,280.3425851483602,0.234,6.2,354.1,,,,"synthetic - Gibson-Ashby model, not experimental"
SYNTHETIC_GIBSON_ASHBY,,PGA/HA,PGA/HA (30wt% HA),421.370155645082,88.0214666021026,salt leaching,227.1420401978857,0.241,6.55,467.1,,,,"synthetic - Gibson-Ashby model, not experimental"
SYNTHETIC_GIBSON_ASHBY,,PCL/HA,PCL/HA (15wt% HA),360.3189491641179,48.12870547646112,freeze drying,287.0818288560641,0.75,29.62,3279.6,,,,"synthetic - Gibson-Ashby model, not experimental"
SYNTHETIC_GIBSON_ASHBY,,PGA/HA,PGA/HA (20wt% HA),404.5250523190084,68.84052720387542,FDM,189.54277787598923,0.578,23.15,2008.4,,,,"synthetic - Gibson-Ashby model, not experimental"
SYNTHETIC_GIBSON_ASHBY,,PGA/HA,PGA/HA (30wt% HA),238.44246514568815,49.508224216770344,electrospinning,296.8358815709362,1.018,51.38,7054.8,,,,"synthetic - Gibson-Ashby model, not experimental"
SYNTHETIC_GIBSON_ASHBY,,PCL,PCL,501.1818722264058,78.32578935801179,electrospinning,280.00999034367146,0.248,3.6,17.8,,,,"synthetic - Gibson-Ashby model, not experimental"
SYNTHETIC_GIBSON_ASHBY,,PLA/HA,PLA/HA (30wt% HA),247.80231661880862,59.84236970430722,salt leaching,372.07346875645,0.728,29.67,4590.0,,,,"synthetic - Gibson-Ashby model, not experimental"
SYNTHETIC_GIBSON_ASHBY,,Chitosan,Chitosan,456.6846446035921,50.59002297813439,electrospinning,305.8954332798014,0.692,13.64,795.0,,,,"synthetic - Gibson-Ashby model, not experimental"
SYNTHETIC_GIBSON_ASHBY,,PGA/HA,PGA/HA (20wt% HA),184.99333203076827,48.01168971303966,freeze drying,297.284405402455,0.964,46.14,5084.0,,,,"synthetic - Gibson-Ashby model, not experimental"
SYNTHETIC_GIBSON_ASHBY,,PCL/HA,PCL/HA (30wt% HA),504.17193457123506,45.519111033612475,SLA,328.87546549579076,0.952,53.14,9182.8,,,,"synthetic - Gibson-Ashby model, not experimental"
SYNTHETIC_GIBSON_ASHBY,,PLA,PLA,472.10496467140405,51.317003767189945,SLS,192.12558139966256,0.604,22.65,797.6,,,,"synthetic - Gibson-Ashby model, not experimental"
SYNTHETIC_GIBSON_ASHBY,,PLGA,PLGA,533.1966848462698,58.232194060240815,freeze drying,275.0723859227742,0.56,15.07,304.0,,,,"synthetic - Gibson-Ashby model, not experimental"
SYNTHETIC_GIBSON_ASHBY,,Chitosan,Chitosan,290.83460990279355,82.0498652818938,FDM,189.50672614523899,0.251,2.38,107.4,,,,"synthetic - Gibson-Ashby model, not experimental"
SYNTHETIC_GIBSON_ASHBY,,PCL/HA,PCL/HA (10wt% HA),384.70179398672695,54.55151080512624,salt leaching,371.9862803518383,0.612,22.42,1726.4,,,,"synthetic - Gibson-Ashby model, not experimental"
SYNTHETIC_GIBSON_ASHBY,,PCL,PCL,415.5163861313476,59.25485074488645,electrospinning,153.04727996903821,0.467,10.25,57.6,,,,"synthetic - Gibson-Ashby model, not experimental"
SYNTHETIC_GIBSON_ASHBY,,PCL,PCL,179.21755868783998,64.57673494420219,FDM,335.5632717093136,0.406,8.27,44.6,,,,"synthetic - Gibson-Ashby model, not experimental"
SYNTHETIC_GIBSON_ASHBY,,PLGA/HA,PLGA/HA (15wt% HA),338.70013797028514,55.74152691602461,freeze drying,101.4007412740409,0.713,24.78,2708.9,,,,"synthetic - Gibson-Ashby model, not experimental"
SYNTHETIC_GIBSON_ASHBY,,PLA/HA,PLA/HA (10wt% HA),365.5168927854922,75.41086427862734,FDM,105.37483768928381,0.352,9.98,762.5,,,,"synthetic - Gibson-Ashby model, not experimental"
SYNTHETIC_GIBSON_ASHBY,,PGA/HA,PGA/HA (10wt% HA),291.77523815384683,37.73584802569816,SLA,276.60120645042156,1.054,50.92,4096.0,,,,"synthetic - Gibson-Ashby model, not experimental"
SYNTHETIC_GIBSON_ASHBY,,PGA/HA,PGA/HA (15wt% HA),398.18495930775117,73.66991468680877,electrospinning,201.35054536237988,0.467,16.74,1311.9,,,,"synthetic - Gibson-Ashby model, not experimental"
SYNTHETIC_GIBSON_ASHBY,,PLGA/HA,PLGA/HA (10wt% HA),182.4417544457478,75.006934935641,salt leaching,372.06827085809124,0.38,8.6,577.3,,,,"synthetic - Gibson-Ashby model, not experimental"
SYNTHETIC_GIBSON_ASHBY,,PCL,PCL,394.8464173996208,74.04459715869126,SLS,150.69542256704415,0.297,5.75,28.7,,,,"synthetic - Gibson-Ashby model, not experimental"
SYNTHETIC_GIBSON_ASHBY,,PLGA/HA,PLGA/HA (30wt% HA),367.36671709692024,45.34735043551757,FDM,114.57608847452117,1.029,52.83,8895.0,,,,"synthetic - Gibson-Ashby model, not experimental"
SYNTHETIC_GIBSON_ASHBY,,PLA,PLA,308.3877825897719,71.38498490264556,freeze drying,214.07612887828438,0.355,10.55,265.3,,,,"synthetic - Gibson-Ashby model, not experimental"
SYNTHETIC_GIBSON_ASHBY,,PCL/HA,PCL/HA (30wt% HA),104.65227403162588,71.1444017128548,FDM,226.26143692805897,0.504,17.03,2382.2,,,,"synthetic - Gibson-Ashby model, not experimental"
SYNTHETIC_GIBSON_ASHBY,,Chitosan/HA,Chitosan/HA (30wt% HA),515.3263602354449,38.22981137878854,electrospinning,131.4742710700291,1.189,51.96,11495.3,,,,"synthetic - Gibson-Ashby model, not experimental"
SYNTHETIC_GIBSON_ASHBY,,PLA/HA,PLA/HA (15wt% HA),199.87469307317926,41.91879970237693,freeze drying,178.89817468411957,0.887,42.48,6346.6,,,,"synthetic - Gibson-Ashby model, not experimental"
SYNTHETIC_GIBSON_ASHBY,,PLGA/HA,PLGA/HA (10wt% HA),374.0693818642002,39.622415917846126,electrospinning,373.10698823860434,0.918,33.4,4448.7,,,,"synthetic - Gibson-Ashby model, not experimental"
SYNTHETIC_GIBSON_ASHBY,,PLA,PLA,553.440022134896,70.29798794791229,electrospinning,350.56964957897236,0.368,11.94,308.2,,,,"synthetic - Gibson-Ashby model, not experimental"
SYNTHETIC_GIBSON_ASHBY,,Chitosan,Chitosan,150.64523929647868,73.41381701390873,SLA,176.76763082519946,0.372,5.48,209.3,,,,"synthetic - Gibson-Ashby model, not experimental"
SYNTHETIC_GIBSON_ASHBY,,PGA/HA,PGA/HA (15wt% HA),506.58920695894136,33.00481174877684,SLS,362.24213474864774,1.188,75.07,7084.5,,,,"synthetic - Gibson-Ashby model, not experimental"
SYNTHETIC_GIBSON_ASHBY,,PLGA/HA,PLGA/HA (30wt% HA),525.6229503385871,36.95406321957638,FDM,367.0876034629846,1.187,65.64,12480.5,,,,"synthetic - Gibson-Ashby model, not experimental"
SYNTHETIC_GIBSON_ASHBY,,PCL/HA,PCL/HA (10wt% HA),318.85725839096733,51.45164425426466,electrospinning,286.54210999975214,0.653,24.44,1936.7,,,,"synthetic - Gibson-Ashby model, not experimental"
SYNTHETIC_GIBSON_ASHBY,,PCL,PCL,581.154965074877,54.046650856845176,salt leaching,181.54992722505705,0.526,12.38,89.3,,,,"synthetic - Gibson-Ashby model, not experimental"
SYNTHETIC_GIBSON_ASHBY,,PLGA/HA,PLGA/HA (30wt% HA),183.38936460411756,83.16743320088516,electrospinning,139.75347287096798,0.317,9.78,698.1,,,,"synthetic - Gibson-Ashby model, not experimental"
SYNTHETIC_GIBSON_ASHBY,,PCL,PCL,395.37515149516923,54.96166299785379,electrospinning,340.6794352135288,0.516,12.49,79.6,,,,"synthetic - Gibson-Ashby model, not experimental"
SYNTHETIC_GIBSON_ASHBY,,PGA/HA,PGA/HA (20wt% HA),442.2320666907364,31.728973774273292,SLA,351.5609429641335,1.266,78.69,9645.5,,,,"synthetic - Gibson-Ashby model, not experimental"
SYNTHETIC_GIBSON_ASHBY,,PLGA/HA,PLGA/HA (15wt% HA),230.80643361424492,32.7583395227802,electrospinning,194.27138346216128,1.084,48.61,7632.0,,,,"synthetic - Gibson-Ashby model, not experimental"
SYNTHETIC_GIBSON_ASHBY,,Chitosan/HA,Chitosan/HA (30wt% HA),588.9477787753992,63.90073354124348,SLS,300.95330746429465,0.695,26.24,3813.9,,,,"synthetic - Gibson-Ashby model, not experimental"
SYNTHETIC_GIBSON_ASHBY,,Chitosan,Chitosan,463.32598421192534,55.970874426534735,electrospinning,244.57890319619213,0.616,9.87,612.3,,,,"synthetic - Gibson-Ashby model, not experimental"
SYNTHETIC_GIBSON_ASHBY,,Chitosan/HA,Chitosan/HA (20wt% HA),421.69935827840646,33.27396691366055,salt leaching,147.07821199052236,1.168,53.28,10041.6,,,,"synthetic - Gibson-Ashby model, not experimental"
SYNTHETIC_GIBSON_ASHBY,,PLA/HA,PLA/HA (15wt% HA),265.44742126071844,49.238028932016405,freeze drying,183.44713907767246,0.775,37.82,3892.1,,,,"synthetic - Gibson-Ashby model, not experimental"
SYNTHETIC_GIBSON_ASHBY,,PLGA,PLGA,322.0944382297295,34.7298357452875,FDM,271.91047917626486,0.875,25.95,943.2,,,,"synthetic - Gibson-Ashby model, not experimental"
SYNTHETIC_GIBSON_ASHBY,,PLA/HA,PLA/HA (15wt% HA),108.8845644244675,74.71433787943707,FDM,221.0318976916489,0.386,10.84,1071.4,,,,"synthetic - Gibson-Ashby model, not experimental"
SYNTHETIC_GIBSON_ASHBY,,PLA/HA,PLA/HA (20wt% HA),418.7690612099988,87.79027489680028,freeze drying,367.0332696475187,0.198,5.02,282.8,,,,"synthetic - Gibson-Ashby model, not experimental"
SYNTHETIC_GIBSON_ASHBY,,PGA/HA,PGA/HA (10wt% HA),508.2943432886828,79.51865943712377,SLS,353.29523188127575,0.347,11.52,518.9,,,,"synthetic - Gibson-Ashby model, not experimental"
SYNTHETIC_GIBSON_ASHBY,,PLGA/HA,PLGA/HA (30wt% HA),457.95675014157763,69.43003238586837,electrospinning,134.20700750672148,0.576,20.12,2432.5,,,,"synthetic - Gibson-Ashby model, not experimental"
SYNTHETIC_GIBSON_ASHBY,,PGA/HA,PGA/HA (20wt% HA),451.0480266299927,61.31910519624815,SLA,113.73343295651028,0.717,36.93,3105.0,,,,"synthetic - Gibson-Ashby model, not experimental"
SYNTHETIC_GIBSON_ASHBY,,PLGA,PLGA,197.96073357590808,45.2573586750858,salt leaching,136.22374220985827,0.734,22.22,548.2,,,,"synthetic - Gibson-Ashby model, not experimental"
SYNTHETIC_GIBSON_ASHBY,,PCL/HA,PCL/HA (30wt% HA),478.5746709051369,50.27601291586417,electrospinning,113.95010857275095,0.868,42.48,7427.8,,,,"synthetic - Gibson-Ashby model, not experimental"
SYNTHETIC_GIBSON_ASHBY,,PLGA/HA,PLGA/HA (15wt% HA),578.0951608128755,69.50740170001217,salt leaching,140.39080432918985,0.491,15.78,1203.1,,,,"synthetic - Gibson-Ashby model, not experimental"
